1,447.35,442.35,5,-RPT,FM,NULL,TONE ENC,107.2 Hz,023,1500 Hz,HIGH,OFF,12.5KHz,0,"Cedaredge - Grand Mesa",0
2,449.2,444.2,5,-RPT,FM,NULL,TONE ENC,107.2 Hz,023,1500 Hz,HIGH,OFF,12.5KHz,0,"Glade Park",0
3,447.125,442.125,5,-RPT,FM,AA0BF,TONE ENC,103.5 Hz,023,1500 Hz,HIGH,OFF,12.5KHz,0,"Fairplay - Sacramento Mountain",0
4,147.135,147.735,0.6,+RPT,FM,AA0L,TONE ENC,100.0 Hz,023,1500 Hz,HIGH,OFF,12.5KHz,0,"Colorado Springs",0
5,448.3,443.3,5,-RPT,FM,AA0L,TONE ENC,100.0 Hz,023,1500 Hz,HIGH,OFF,12.5KHz,0,"Colorado Springs",0
6,147.18,147.78,0.6,+RPT,FM,AA0SP,TONE ENC,100.0 Hz,023,1500 Hz,HIGH,OFF,12.5KHz,0,"Colorado Springs - Almagre Mountain",0
7,146.895,146.295,0.6,-RPT,FM,AB0PC,TONE ENC,100.0 Hz,023,1500 Hz,HIGH,OFF,12.5KHz,0,"Bailey - Dick Mountain",0
8,147.09,147.69,0.6,+RPT,FM,AB0PC,TONE ENC,100.0 Hz,023,1500 Hz,HIGH,OFF,12.5KHz,0,"Fairplay - Beaver Ridge",0
9,224.96,223.36,1.6,-RPT,FM,AC0KC,OFF,88.5 Hz,023,1500 Hz,HIGH,OFF,12.5KHz,0,"Fort Lupton",0
10,447.3,442.3,5,-RPT,FM,AC0KC,TONE ENC,107.2 Hz,023,1500 Hz,HIGH,OFF,12.5KHz,0,"Fort Lupton",0
11,447.85,442.85,5,-RPT,FM,AC0KQ,TONE ENC,141.3 Hz,023,1500 Hz,HIGH,OFF,12.5KHz,0,"Evergreen - Saddleback Mountain",0
12,447.8,442.8,5,-RPT,FM,AD0RM,TONE ENC,141.3 Hz,023,1500 Hz,HIGH,OFF,12.5KHz,0,"Ridgway - Log Hill",0
13,146.85,146.25,0.6,-RPT,FM,AD0TP,TONE ENC,156.7 Hz,023,1500 Hz,HIGH,OFF,12.5KHz,0,"Colorado Springs",0
14,447.775,442.775,5,-RPT,FM,AD0TP,TONE ENC,156.7 Hz,023,1500 Hz,HIGH,OFF,12.5KHz,0,"Colorado Springs",0
15,145.28,144.68,0.6,-RPT,FM,AD0WA,TONE ENC,103.5 Hz,023,1500 Hz,HIGH,OFF,12.5KHz,0,"Durango",0
16,146.79,146.19,0.6,-RPT,FM,AE0LE,OFF,88.5 Hz,023,1500 Hz,HIGH,OFF,12.5KHz,0,"Wray",0
17,447.375,442.375,5,-RPT,FM,K0ATP,TONE ENC,114.8 Hz,023,1500 Hz,HIGH,OFF,12.5KHz,0,"Parker",0
18,147.375,147.975,0.6,+RPT,FM,K0BV,TONE ENC,100.0 Hz,023,1500 Hz,HIGH,OFF,12.5KHz,0,"Trinidad - Raton Pass",0
19,449.675,444.675,5,-RPT,FM,K0CGQ,TONE ENC,88.5 Hz,023,1500 Hz,HIGH,OFF,12.5KHz,0,"Querida",0
20,146.67,146.07,0.6,-RPT,FM,K0CL,TONE ENC,107.2 Hz,023,1500 Hz,HIGH,OFF,12.5KHz,0,"Snowmass Village",0
21,449.4,444.4,5,-RPT,FM,K0DK,TONE ENC,91.5 Hz,023,1500 Hz,HIGH,OFF,12.5KHz,0,"Boulder",0
22,449.925,444.925,5,-RPT,FM,K0EB,TONE ENC,114.8 Hz,023,1500 Hz,HIGH,OFF,12.5KHz,0,"Hudson",0
23,449.725,444.725,5,-RPT,FM,K0ELK,TONE ENC,179.9 Hz,023,1500 Hz,HIGH,OFF,12.5KHz,0,"Carbondale - Four Mile Ridge",0
24,146.67,146.07,0.6,-RPT,FM,K0EP,TONE ENC,100.0 Hz,023,1500 Hz,HIGH,OFF,12.5KHz,0,"Durango - Eagle Pass",0
25,146.7,146.1,0.6,-RPT,FM,K0EP,TONE ENC,100.0 Hz,023,1500 Hz,HIGH,OFF,12.5KHz,0,"Durango - Missionary Ridge",0
26,449.85,444.85,5,-RPT,FM,K0EP,TONE ENC,100.0 Hz,023,1500 Hz,HIGH,OFF,12.5KHz,0,"Durango",0
27,146.76,146.16,0.6,-RPT,FM,K0ESD,TONE ENC,107.2 Hz,023,1500 Hz,HIGH,OFF,12.5KHz,0,"Colorado Springs - Cheyenne Mountain",0
28,146.97,146.37,0.6,-RPT,FM,K0ESD,TONE ENC,100.0 Hz,023,1500 Hz,HIGH,OFF,12.5KHz,0,"Colorado Springs - Pikes Peak",0
29,448.45,443.45,5,-RPT,FM,K0ESD,TONE ENC,100.0 Hz,023,1500 Hz,HIGH,OFF,12.5KHz,0,"Colorado Springs - Pikes Peak",0
30,146.985,146.385,0.6,-RPT,FM,K0FEZ,TONE ENC,100.0 Hz,023,1500 Hz,HIGH,OFF,12.5KHz,0,"Golden - Centennial Cone",0
31,447.925,442.925,5,-RPT,FM,K0FEZ,TONE ENC,100.0 Hz,023,1500 Hz,HIGH,OFF,12.5KHz,0,"Denver",0
32,447.2,442.2,5,-RPT,FM,K0FNL,TONE ENC,82.5 Hz,023,1500 Hz,HIGH,OFF,12.5KHz,0,"Severance - Cactus Hill",0
33,448.85,443.85,5,-RPT,FM,K0IBM,TONE ENC,88.5 Hz,023,1500 Hz,HIGH,OFF,12.5KHz,0,"Golden - Guy Hill",0
34,146.91,146.31,0.6,-RPT,FM,K0IRP,TONE ENC,151.4 Hz,023,1500 Hz,HIGH,OFF,12.5KHz,0,"Colorado Springs",0
35,447.35,442.35,5,-RPT,FM,K0IRP,TONE ENC,151.4 Hz,023,1500 Hz,HIGH,OFF,12.5KHz,0,"Colorado Springs",0
36,448.325,443.325,5,-RPT,FM,K0JSC,TONE ENC,100.0 Hz,023,1500 Hz,HIGH,OFF,12.5KHz,0,"Westcliffe",0
37,446.7375,441.7375,5,-RPT,FM,K0JSC,OFF,88.5 Hz,023,1500 Hz,HIGH,OFF,12.5KHz,0,"Canon City - Fremont Peak",0
38,447.25,442.25,5,-RPT,FM,K0JSC,TONE ENC,100.0 Hz,023,1500 Hz,HIGH,OFF,12.5KHz,0,"Canon City - Fremont Peak",0
39,447.975,442.975,5,-RPT,FM,K0JSC,TONE ENC,100.0 Hz,023,1500 Hz,HIGH,OFF,12.5KHz,0,"Canon City - Colorado",0
40,446.9875,441.9875,5,-RPT,FM,K0JSC,OFF,88.5 Hz,023,1500 Hz,HIGH,OFF,12.5KHz,0,"Pueblo - Downtown",0
41,447.275,442.275,5,-RPT,FM,K0JSC,TONE ENC,100.0 Hz,023,1500 Hz,HIGH,OFF,12.5KHz,0,"Pueblo - Metro",0
42,147.045,147.645,0.6,+RPT,FM,K0ML,TONE ENC,123.0 Hz,023,1500 Hz,HIGH,OFF,12.5KHz,0,"Northglenn",0
43,447.725,442.725,5,-RPT,FM,K0NR,TONE ENC,100.0 Hz,023,1500 Hz,HIGH,OFF,12.5KHz,0,"Hartsel - Trout Creek Pass",0
44,449.725,444.725,5,-RPT,FM,K0OJ,TONE ENC,127.3 Hz,023,1500 Hz,HIGH,OFF,12.5KHz,0,"Greeley - UNC",0
45,447.225,442.225,5,-RPT,FM,K0PRA,OFF,88.5 Hz,023,1500 Hz,HIGH,OFF,12.5KHz,0,"Parker",0
46,147.165,147.765,0.6,+RPT,FM,K0PRA,TONE ENC,123.0 Hz,023,1500 Hz,HIGH,OFF,12.5KHz,0,"Idaho Springs - Middle Squaw Mountain",0
47,447.3,442.3,5,-RPT,FM,K0PRA,OFF,88.5 Hz,023,1500 Hz,HIGH,OFF,12.5KHz,0,"Idaho Springs - Lower Squaw Mountain",0
48,445.075,440.075,5,-RPT,FM,K0PRA,OFF,88.5 Hz,023,1500 Hz,HIGH,OFF,12.5KHz,0,"Parker",0
49,446.85,441.85,5,-RPT,FM,K0PRA,OFF,88.5 Hz,023,1500 Hz,HIGH,OFF,12.5KHz,0,"Idaho Springs - Mestaa'Ä—hehe Mountain",0
50,448.775,443.775,5,-RPT,FM,K0PWO,TONE ENC,123.0 Hz,023,1500 Hz,HIGH,OFF,12.5KHz,0,"Elizabeth - Elbert County",0
51,446.7375,441.7375,5,-RPT,FM,K0RTS,OFF,88.5 Hz,023,1500 Hz,HIGH,OFF,12.5KHz,0,"Genoa - Limon",0
52,146.61,146.01,0.6,-RPT,FM,K0RV,TONE ENC,107.2 Hz,023,1500 Hz,HIGH,OFF,12.5KHz,0,"Vail - Bald Mountain",0
53,447.6,442.6,5,-RPT,FM,K0RV,OFF,88.5 Hz,023,1500 Hz,HIGH,OFF,12.5KHz,0,"Glenwood Springs",0
54,447.075,442.075,5,-RPT,FM,K0SLV,TONE ENC,94.8 Hz,023,1500 Hz,HIGH,OFF,12.5KHz,0,"Alamosa",0
55,449.625,444.625,5,-RPT,FM,K0SLV,TONE ENC,94.8 Hz,023,1500 Hz,HIGH,OFF,12.5KHz,0,"Monte Vista",0
56,147.39,147.99,0.6,+RPT,FM,K0SNO,TONE ENC,107.2 Hz,023,1500 Hz,HIGH,OFF,12.5KHz,0,"Carbondale - Four Mile Ridge",0
57,147.105,147.705,0.6,+RPT,FM,K0SSI,OFF,88.5 Hz,023,1500 Hz,HIGH,OFF,12.5KHz,0,"Grand Junction",0
58,146.655,146.055,0.6,-RPT,FM,K0ST,TONE ENC,123.0 Hz,023,1500 Hz,HIGH,OFF,12.5KHz,0,"Pueblo - Pueblo",0
59,447.8,442.8,5,-RPT,FM,K0SVT,OFF,88.5 Hz,023,1500 Hz,HIGH,OFF,12.5KHz,0,"Loveland - Milner Mountain",0
60,449.25,444.25,5,-RPT,FM,K0UPS,TONE ENC,123.0 Hz,023,1500 Hz,HIGH,OFF,12.5KHz,0,"Cedar Point",0
61,147.3,147.9,0.6,+RPT,FM,K0VQ,TONE ENC,107.2 Hz,023,1500 Hz,HIGH,OFF,12.5KHz,0,"Glenwood Springs - Three Mile Ridge",0
62,447.15,442.15,5,-RPT,FM,K0VQ,TONE ENC,136.5 Hz,023,1500 Hz,HIGH,OFF,12.5KHz,0,"Carbondale - Missouri Heights",0
63,147.165,147.765,0.60000,+RPT,FM,K0VQ,TONE ENC,156.7 Hz,023,1500 Hz,HIGH,OFF,12.5KHz,0,"Cortez",0
64,447.3,442.3,5,-RPT,FM,K0VQ,TONE ENC,136.5 Hz,023,1500 Hz,HIGH,OFF,12.5KHz,0,"Cortez",0
65,449.45,444.45,5,-RPT,FM,K1DUN,TONE ENC,103.5 Hz,023,1500 Hz,HIGH,OFF,12.5KHz,0,"Idaho Springs - Squaw Mountain",0
66,449.95,444.95,5,-RPT,FM,K5GF,OFF,88.5 Hz,023,1500 Hz,HIGH,OFF,12.5KHz,0,"Gunnison",0
67,449.825,444.825,5,-RPT,FM,K6TDX,OFF,88.5 Hz,023,1500 Hz,HIGH,OFF,12.5KHz,0,"Trinidad",0
68,446.75,441.75,5,-RPT,FM,K7PFJ,OFF,88.5 Hz,023,1500 Hz,HIGH,OFF,12.5KHz,0,"Fort Collins - Horsetooth Mountain",0
69,446.95,441.95,5,-RPT,FM,K7PFJ,OFF,88.5 Hz,023,1500 Hz,HIGH,OFF,12.5KHz,0,"Colorado Springs - Almagre Mountain",0
70,448.725,443.725,5,-RPT,FM,KA0TTF,TONE ENC,123.0 Hz,023,1500 Hz,HIGH,OFF,12.5KHz,0,"Colorado Springs - Fillmore Hill",0
71,145.415,144.815,0.6,-RPT,FM,KA0WUC,TONE ENC,179.9 Hz,023,1500 Hz,HIGH,OFF,12.5KHz,0,"Woodland Park",0
72,447.675,442.675,5,-RPT,FM,KA0WUC,TONE ENC,179.9 Hz,023,1500 Hz,HIGH,OFF,12.5KHz,0,"Woodland Park",0
73,449.025,444.025,5,-RPT,FM,KA0WUC,TONE ENC,141.3 Hz,023,1500 Hz,HIGH,OFF,12.5KHz,0,"Woodland Park",0
74,927.9,902.9,25.0,-RPT,FM,KA0WUC,DCS,88.5 Hz,205,1500 Hz,HIGH,OFF,12.5KHz,0,"Woodland Park",0
75,146.82,146.22,0.6,-RPT,FM,KA0YDW,TONE ENC,123.0 Hz,023,1500 Hz,HIGH,OFF,12.5KHz,0,"Granby",0
76,449.325,444.325,5,-RPT,FM,KA4EPS,TONE ENC,103.5 Hz,023,1500 Hz,HIGH,OFF,12.5KHz,0,"Woodland Park - Paradise Pines",0
77,145.265,144.665,0.6,-RPT,FM,KB0SRJ,TONE ENC,100.0 Hz,023,1500 Hz,HIGH,OFF,12.5KHz,0,"Colorado Springs - ~2 mi ENE USAFA North Gate",0
78,224.06,222.46,1.6,-RPT,FM,KB0SRJ,OFF,88.5 Hz,023,1500 Hz,HIGH,OFF,12.5KHz,0,"Colorado Springs",0
79,448.8,443.8,5,-RPT,FM,KB0SRJ,TONE ENC,100.0 Hz,023,1500 Hz,HIGH,OFF,12.5KHz,0,"Colorado Springs - ~2 mi ENE USAFA North Gate",0
80,447,442,5,-RPT,FM,KB0SW,TONE ENC,107.2 Hz,023,1500 Hz,HIGH,OFF,12.5KHz,0,"Loma - Baxter Pass",0
81,449,444,5,-RPT,FM,KB0SW,OFF,88.5 Hz,023,1500 Hz,HIGH,OFF,12.5KHz,0,"Grand Junction",0
82,449.5,444.5,5,-RPT,FM,KB0SW,TONE ENC,107.2 Hz,023,1500 Hz,HIGH,OFF,12.5KHz,0,"Collbran",0
83,147.06,147.66,0.6,+RPT,FM,KB0TUC,TONE ENC,77.0 Hz,023,1500 Hz,HIGH,OFF,12.5KHz,0,"Westcliffe",0
84,448.15,443.15,5,-RPT,FM,KB0TUC,TONE ENC,103.5 Hz,023,1500 Hz,HIGH,OFF,12.5KHz,0,"Westcliffe",0
85,927.775,902.775,25.0,-RPT,FM,KB0TUC,DCS,88.5 Hz,116,1500 Hz,HIGH,OFF,12.5KHz,0,"Westcliffe",0
86,927.7,902.7,25.0,-RPT,FM,KB0TUC,DCS,88.5 Hz,114,1500 Hz,HIGH,OFF,12.5KHz,0,"Canon City - Fremont Peak",0
87,145.4,144.8,0.6,-RPT,FM,KB0UDD,TONE ENC,100.0 Hz,023,1500 Hz,HIGH,OFF,12.5KHz,0,"Aurora - Smoky Hill",0
88,146.67,146.07,0.6,-RPT,FM,KB0UDD,TONE ENC,100.0 Hz,023,1500 Hz,HIGH,OFF,12.5KHz,0,"Idaho Springs - Squaw Mountain",0
89,448.5,443.5,5,-RPT,FM,KB0UDD,TONE ENC,100.0 Hz,023,1500 Hz,HIGH,OFF,12.5KHz,0,"Aurora - Smokey Hill",0
90,446.975,441.975,5,-RPT,FM,KB0VGD,OFF,88.5 Hz,023,1500 Hz,HIGH,OFF,12.5KHz,0,"Golden - Table Mountain",0
91,145.265,144.665,0.6,-RPT,FM,KB0VGD,OFF,88.5 Hz,023,1500 Hz,HIGH,OFF,12.5KHz,0,"Fort Collins - Horsetooth Mountain",0
92,445.1375,440.1375,5,-RPT,FM,KB0VGD,OFF,88.5 Hz,023,1500 Hz,HIGH,OFF,12.5KHz,0,"Greeley",0
93,145.37,144.77,0.6,-RPT,FM,KB0VIU,TONE ENC,100.0 Hz,023,1500 Hz,HIGH,OFF,12.5KHz,0,"Hesperus",0
94,147.285,147.885,0.6,+RPT,FM,KB0VJJ,TONE ENC,88.5 Hz,023,1500 Hz,HIGH,OFF,12.5KHz,0,"Salida - Methodist Mountain",0
95,147.345,147.945,0.6,+RPT,FM,KB0VJJ,TONE ENC,88.5 Hz,023,1500 Hz,HIGH,OFF,12.5KHz,0,"Vail",0
96,145.13,144.53,0.6,-RPT,FM,KB0VJJ,TONE ENC,88.5 Hz,023,1500 Hz,HIGH,OFF,12.5KHz,0,"Colorado Springs - Cheyenne Mountain",0
97,146.85,146.25,0.6,-RPT,FM,KB0VJJ,TONE ENC,88.5 Hz,023,1500 Hz,HIGH,OFF,12.5KHz,0,"Glenwood Springs - Sunlight Peak",0
98,145.31,144.71,0.6,-RPT,FM,KB0VJJ,TONE ENC,88.5 Hz,023,1500 Hz,HIGH,OFF,12.5KHz,0,"Boulder - Thorodin Mountain",0
99,147.075,147.675,0.6,+RPT,FM,KB0VJJ,TONE ENC,88.5 Hz,023,1500 Hz,HIGH,OFF,12.5KHz,0,"Kremmling - Santoy Peak",0
100,147.285,147.885,0.6,+RPT,FM,KB0VJJ,TONE ENC,88.5 Hz,023,1500 Hz,HIGH,OFF,12.5KHz,0,"Winter Park - Winter Park",0
101,145.16,144.56,0.6,-RPT,FM,KB0VJJ,TONE ENC,88.5 Hz,023,1500 Hz,HIGH,OFF,12.5KHz,0,"Walden - Peterson Ridge",0
102,145.13,144.53,0.6,-RPT,FM,KB0VJJ,TONE ENC,88.5 Hz,023,1500 Hz,HIGH,OFF,12.5KHz,0,"Burlington",0
103,145.445,144.845,0.6,-RPT,FM,KB0VJJ,TONE ENC,88.5 Hz,023,1500 Hz,HIGH,OFF,12.5KHz,0,"Leadville - Mosquito Pass",0
104,147.345,147.945,0.6,+RPT,FM,KB0VJJ,TONE ENC,88.5 Hz,023,1500 Hz,HIGH,OFF,12.5KHz,0,"Durango - Missionary Ridge",0
105,146.73,146.13,0.60000,-RPT,FM,KB0VJJ,TONE ENC,88.5 Hz,023,1500 Hz,HIGH,OFF,12.5KHz,0,"Fort Collins - Buckhorn",0
106,145.355,144.755,0.6,-RPT,FM,KB0VJJ,TONE ENC,88.5 Hz,023,1500 Hz,HIGH,OFF,12.5KHz,0,"Grand Junction - Grand Mesa",0
107,146.97,146.37,0.6,-RPT,FM,KB0VJJ,TONE ENC,88.5 Hz,023,1500 Hz,HIGH,OFF,12.5KHz,0,"Craig",0
108,147.39,147.99,0.6,+RPT,FM,KB0VJJ,TONE ENC,88.5 Hz,023,1500 Hz,HIGH,OFF,12.5KHz,0,"Breckenridge - Bald Mountain",0
109,145.4,144.8,0.6,-RPT,FM,KB0VJJ,TONE ENC,88.5 Hz,023,1500 Hz,HIGH,OFF,12.5KHz,0,"Akron",0
110,147.135,147.735,0.6,+RPT,FM,KB5ITS,TONE ENC,123.0 Hz,023,1500 Hz,HIGH,OFF,12.5KHz,0,"Lake City - Hill 71",0
111,147.135,147.735,0.6,+RPT,FM,KB5ITS,TONE ENC,100.0 Hz,023,1500 Hz,HIGH,OFF,12.5KHz,0,"Durango - Smelter Mountain",0
112,147.15,147.75,0.6,+RPT,FM,KB5ITS,TONE ENC,100.0 Hz,023,1500 Hz,HIGH,OFF,12.5KHz,0,"Ignacio - Spring Creek",0
113,145.19,144.59,0.6,-RPT,FM,KB5ITS,TONE ENC,100.0 Hz,023,1500 Hz,HIGH,OFF,12.5KHz,0,"Cortez - Goodman",0
114,145.325,144.725,0.6,-RPT,FM,KB5ITS,TONE ENC,100.0 Hz,023,1500 Hz,HIGH,OFF,12.5KHz,0,"Mancos - Caviness Mountain",0
115,442.375,447.375,5,+RPT,FM,KB5ITS,TONE ENC,100.0 Hz,023,1500 Hz,HIGH,OFF,12.5KHz,0,"Mancos - Caviness Mountain",0
116,447.275,442.275,5,-RPT,FM,KB5ITS,TONE ENC,100.0 Hz,023,1500 Hz,HIGH,OFF,12.5KHz,0,"Dolores - Summit Ridge",0
117,448.825,443.825,5,-RPT,FM,KB5ITS,TONE ENC,100.0 Hz,023,1500 Hz,HIGH,OFF,12.5KHz,0,"Montrose - Raspberry Ridge",0
118,147.27,147.87,0.6,+RPT,FM,KB5ITS,TONE ENC,127.3 Hz,023,1500 Hz,HIGH,OFF,12.5KHz,0,"Ouray - Engineer Mountain",0
119,145.325,144.725,0.6,-RPT,FM,KB5ITS,TONE ENC,127.3 Hz,023,1500 Hz,HIGH,OFF,12.5KHz,0,"Silverton - Buffalo Boy",0
120,147.27,147.87,0.6,+RPT,FM,KB5ITS,TONE ENC,127.3 Hz,023,1500 Hz,HIGH,OFF,12.5KHz,0,"Silverton - Engineer Mountain",0
121,147.375,147.975,0.6,+RPT,FM,KB5ITS,TONE ENC,156.7 Hz,023,1500 Hz,HIGH,OFF,12.5KHz,0,"Silverton - Kendall Mountain",0
122,444,449,5,+RPT,FM,KB5ITS,TONE ENC,67.0 Hz,023,1500 Hz,HIGH,OFF,12.5KHz,0,"Silverton - Hazelton",0
123,447.525,442.525,5,-RPT,FM,KB5ITS,TONE ENC,127.3 Hz,023,1500 Hz,HIGH,OFF,12.5KHz,0,"Silverton",0
124,447.1,442.1,5,-RPT,FM,KB5YZB,TONE ENC,114.8 Hz,023,1500 Hz,HIGH,OFF,12.5KHz,0,"Aurora - Buckley Space Force Base",0
125,447.5,442.5,5,-RPT,FM,KC0ARV,TONE ENC,114.8 Hz,023,1500 Hz,HIGH,OFF,12.5KHz,0,"Grand Junction",0
126,145.295,144.695,0.6,-RPT,FM,KC0CVU,TONE ENC,107.2 Hz,023,1500 Hz,HIGH,OFF,12.5KHz,0,"Salida - Methodist Mountain",0
127,449.65,444.65,5,-RPT,FM,KC0CVU,TONE ENC,107.2 Hz,023,1500 Hz,HIGH,OFF,12.5KHz,0,"Salida - Methodist Mountain",0
128,145.385,144.785,0.6,-RPT,FM,KC0CVU,OFF,88.5 Hz,023,1500 Hz,HIGH,OFF,12.5KHz,0,"Colorado Springs - Cheyenne Mountain",0
129,147.345,147.945,0.6,+RPT,FM,KC0CVU,TONE ENC,107.2 Hz,023,1500 Hz,HIGH,OFF,12.5KHz,0,"Colorado Springs - Cheyenne Mountain",0
130,446.9125,441.9125,5,-RPT,FM,KC0CVU,OFF,88.5 Hz,023,1500 Hz,HIGH,OFF,12.5KHz,0,"Colorado Springs - Cheyenne Mountain",0
131,448,443,5,-RPT,FM,KC0CVU,TONE ENC,107.2 Hz,023,1500 Hz,HIGH,OFF,12.5KHz,0,"Colorado Springs - Cheyenne Mountain",0
132,448.1,443.1,5,-RPT,FM,KC0CVU,TONE ENC,107.2 Hz,023,1500 Hz,HIGH,OFF,12.5KHz,0,"Colorado Springs - Cheyenne Mountain",0
133,927.85,902.85,25.0,-RPT,FM,KC0CVU,DCS,88.5 Hz,114,1500 Hz,HIGH,OFF,12.5KHz,0,"Colorado Springs - Cheyenne Mountain",0
134,145.43,144.83,0.6,-RPT,FM,KC0CVU,TONE ENC,107.2 Hz,023,1500 Hz,HIGH,OFF,12.5KHz,0,"Trinidad - Raton Pass",0
135,449.6,444.6,5,-RPT,FM,KC0CVU,TONE ENC,107.2 Hz,023,1500 Hz,HIGH,OFF,12.5KHz,0,"Trinidad - Raton Pass",0
136,147.36,147.96,0.6,+RPT,FM,KC0CVU,TONE ENC,107.2 Hz,023,1500 Hz,HIGH,OFF,12.5KHz,0,"Lake George - Badger Mountain",0
137,449.7,444.7,5,-RPT,FM,KC0CVU,TONE ENC,107.2 Hz,023,1500 Hz,HIGH,OFF,12.5KHz,0,"Lake George",0
138,448.55,443.55,5,-RPT,FM,KC0CVU,TONE ENC,107.2 Hz,023,1500 Hz,HIGH,OFF,12.5KHz,0,"Pueblo - NE of Pueblo on Baculite Mesa",0
139,145.3875,144.7875,0.6,-RPT,FM,KC0DS,OFF,88.5 Hz,023,1500 Hz,HIGH,OFF,12.5KHz,0,"Boulder",0
140,446.8625,441.8625,5,-RPT,FM,KC0DS,OFF,88.5 Hz,023,1500 Hz,HIGH,OFF,12.5KHz,0,"Boulder",0
141,147.36,147.96,0.6,+RPT,FM,KC0ITF,OFF,88.5 Hz,023,1500 Hz,HIGH,OFF,12.5KHz,0,"La Junta - North La Junta",0
142,147,147.6,0.6,+RPT,FM,KC0KWD,TONE ENC,100.0 Hz,023,1500 Hz,HIGH,OFF,12.5KHz,0,"Gilcrest",0
143,448.475,443.475,5,-RPT,FM,KC0KWD,TONE ENC,100.0 Hz,023,1500 Hz,HIGH,OFF,12.5KHz,0,"Gilcrest",0
144,147.195,147.795,0.6,+RPT,FM,KC0QXX,TONE ENC,107.2 Hz,023,1500 Hz,HIGH,OFF,12.5KHz,0,"Cedaredge - Cedar Mesa",0
145,447.45,442.45,5,-RPT,FM,KC0RBT,TONE ENC,123.0 Hz,023,1500 Hz,HIGH,OFF,12.5KHz,0,"Fort Collins",0
146,146.91,146.31,0.6,-RPT,FM,KC0UUX,TONE ENC,107.2 Hz,023,1500 Hz,HIGH,OFF,12.5KHz,0,"Montrose",0
147,448.625,443.625,5,-RPT,FM,KC5EVE,TONE ENC,131.8 Hz,023,1500 Hz,HIGH,OFF,12.5KHz,0,"Durango",0
148,147.21,147.81,0.6,+RPT,FM,KD0H,TONE ENC,107.2 Hz,023,1500 Hz,HIGH,OFF,12.5KHz,0,"Steamboat Springs",0
149,447.625,442.625,5,-RPT,FM,KD0MDP,TONE ENC,100.0 Hz,023,1500 Hz,HIGH,OFF,12.5KHz,0,"Falcon - Black Forest",0
150,145.325,144.725,0.6,-RPT,FM,KD0MRC,TONE ENC,100.0 Hz,023,1500 Hz,HIGH,OFF,12.5KHz,0,"Maysville",0
151,447.05,442.05,5,-RPT,FM,KD0NU,TONE ENC,179.9 Hz,023,1500 Hz,HIGH,OFF,12.5KHz,0,"Aspen - Aspen Mountain",0
152,447.6,442.6,5,-RPT,FM,KD0OXW,TONE ENC,103.5 Hz,023,1500 Hz,HIGH,OFF,12.5KHz,0,"Firstview",0
153,447.65,442.65,5,-RPT,FM,KD0OXW,TONE ENC,103.5 Hz,023,1500 Hz,HIGH,OFF,12.5KHz,0,"Limon - Cedar Point",0
154,447.15,442.15,5,-RPT,FM,KD0OXW,TONE ENC,103.5 Hz,023,1500 Hz,HIGH,OFF,12.5KHz,0,"Hugo",0
155,446.975,441.975,5,-RPT,FM,KD0QPG,OFF,88.5 Hz,023,1500 Hz,HIGH,OFF,12.5KHz,0,"Salida - Methodist Mountain",0
156,446.775,441.775,5,-RPT,FM,KD0RDI,OFF,88.5 Hz,023,1500 Hz,HIGH,OFF,12.5KHz,0,"Trinidad - Raton Pass",0
157,446.775,441.775,5,-RPT,FM,KD0RED,OFF,88.5 Hz,023,1500 Hz,HIGH,OFF,12.5KHz,0,"Grand Junction",0
158,447.425,442.425,5,-RPT,FM,KD0SBN,OFF,88.5 Hz,023,1500 Hz,HIGH,OFF,12.5KHz,0,"Colorado Springs - KRDO Studio",0
159,447.9,442.9,5,-RPT,FM,KD0SBN,OFF,88.5 Hz,023,1500 Hz,HIGH,OFF,12.5KHz,0,"Pueblo West",0
160,449.775,444.775,5,-RPT,FM,KD0SMZ,TONE ENC,173.8 Hz,023,1500 Hz,HIGH,OFF,12.5KHz,0,"Grand Junction",0
161,147.21,147.81,0.6,+RPT,FM,KD0SSP,TONE ENC,100.0 Hz,023,1500 Hz,HIGH,OFF,12.5KHz,0,"Lakewood - Moffat Treatment Plant",0
162,448.35,443.35,5,-RPT,FM,KD0SSP,TONE ENC,225.7 Hz,023,1500 Hz,HIGH,OFF,12.5KHz,0,"Lakewood - Moffat Treatment Plant",0
163,447.95,442.95,5,-RPT,FM,KD0SSP,OFF,88.5 Hz,023,1500 Hz,HIGH,OFF,12.5KHz,0,"Dillon - Dillon Res.",0
164,146.79,146.19,0.6,-RPT,FM,KD5OPD,TONE ENC,107.2 Hz,023,1500 Hz,HIGH,OFF,12.5KHz,0,"Montrose",0
165,146.895,146.295,0.6,-RPT,FM,KE0AE,TONE ENC,103.5 Hz,023,1500 Hz,HIGH,OFF,12.5KHz,0,"Stratton",0
166,147.06,147.66,0.6,+RPT,FM,KE0AE,TONE ENC,103.5 Hz,023,1500 Hz,HIGH,OFF,12.5KHz,0,"Genoa",0
167,447.625,442.625,5,-RPT,FM,KE0SJ,TONE ENC,100.0 Hz,023,1500 Hz,HIGH,OFF,12.5KHz,0,"Lochbuie",0
168,145.28,144.68,0.6,-RPT,FM,KE0SJ,TONE ENC,100.0 Hz,023,1500 Hz,HIGH,OFF,12.5KHz,0,"Golden - Centennial Cone",0
169,145.475,144.875,0.6,-RPT,FM,KE0SJ,TONE ENC,100.0 Hz,023,1500 Hz,HIGH,OFF,12.5KHz,0,"Boulder - Blue Mountain",0
170,449.525,444.525,5,-RPT,FM,KE0SJ,OFF,88.5 Hz,023,1500 Hz,HIGH,OFF,12.5KHz,0,"Golden - Centennial Cone",0
171,449.625,444.625,5,-RPT,FM,KE0VH,OFF,88.5 Hz,023,1500 Hz,HIGH,OFF,12.5KHz,0,"Morrison - Mt. Morrison",0
172,446.8875,441.8875,5,-RPT,FM,KE0VUW,OFF,88.5 Hz,023,1500 Hz,HIGH,OFF,12.5KHz,0,"Colorado Springs - Sun Hills Subdivision",0
173,145.34,144.74,0.6,-RPT,FM,KE4GUQ,TONE ENC,103.5 Hz,023,1500 Hz,HIGH,OFF,12.5KHz,0,"Evergreen",0
174,447.025,442.025,5,-RPT,FM,KF0WF,TONE ENC,123.0 Hz,023,1500 Hz,HIGH,OFF,12.5KHz,0,"Colorado Springs",0
175,445.2625,440.2625,5,-RPT,FM,KG0RP,TONE ENC,97.4 Hz,023,1500 Hz,HIGH,OFF,12.5KHz,0,"Lakewood",0
176,446.9625,441.9625,5,-RPT,FM,KG0RP,OFF,88.5 Hz,023,1500 Hz,HIGH,OFF,12.5KHz,0,"Silverthorne",0
177,447.375,442.375,5,-RPT,FM,KG5JL,TONE ENC,100.0 Hz,023,1500 Hz,HIGH,OFF,12.5KHz,0,"Trinidad - Raton Pass",0
178,146.88,146.28,0.6,-RPT,FM,KI0G,TONE ENC,107.2 Hz,023,1500 Hz,HIGH,OFF,12.5KHz,0,"Glenwood Springs - Sunlight Peak",0
179,224.02,222.42,1.6,-RPT,FM,KI0G,OFF,88.5 Hz,023,1500 Hz,HIGH,OFF,12.5KHz,0,"Glenwood Springs",0
180,447.1,442.1,5,-RPT,FM,KI0G,TONE ENC,107.2 Hz,023,1500 Hz,HIGH,OFF,12.5KHz,0,"Glenwood Springs - Sunlight Peak",0
181,449.75,444.75,5,-RPT,FM,KI0GO,OFF,88.5 Hz,023,1500 Hz,HIGH,OFF,12.5KHz,0,"Golden - Guy Hill",0
182,927.7375,902.025,25.7125,-RPT,FM,KI0HC,TONE ENC,100.0 Hz,023,1500 Hz,HIGH,OFF,12.5KHz,0,"Parker",0
183,927.8375,902.025,25.8125,-RPT,FM,KI0HC,DCS,88.5 Hz,205,1500 Hz,HIGH,OFF,12.5KHz,0,"Golden - Centennial Cone",0
184,927.9375,902.025,25.9125,-RPT,FM,KI0HC,OFF,88.5 Hz,023,1500 Hz,HIGH,OFF,12.5KHz,0,"Indian Hills - Chief Mtn",0
185,927.875,902.025,25.85,-RPT,FM,KI0HC,OFF,88.5 Hz,023,1500 Hz,HIGH,OFF,12.5KHz,0,"Fort Collins - Buckhorn Mountain",0
186,147.03,147.63,0.6,+RPT,FM,KI0HG,TONE ENC,100.0 Hz,023,1500 Hz,HIGH,OFF,12.5KHz,0,"Allenspark - AFPD Station #5",0
187,147.33,147.93,0.6,+RPT,FM,KI0MR,TONE ENC,107.2 Hz,023,1500 Hz,HIGH,OFF,12.5KHz,0,"Paonia",0
188,147.24,147.84,0.6,+RPT,FM,KJ0T,TONE ENC,103.5 Hz,023,1500 Hz,HIGH,OFF,12.5KHz,0,"Pueblo",0
189,447.025,442.025,5,-RPT,FM,KJ7OIX,TONE ENC,77.0 Hz,023,1500 Hz,HIGH,OFF,12.5KHz,0,"Crawford",0
190,449.5,444.5,5,-RPT,FM,KY5O,TONE ENC,123.0 Hz,023,1500 Hz,HIGH,OFF,12.5KHz,0,"Silverton",0
191,147.09,147.69,0.6,+RPT,FM,KZ0DEM,TONE ENC,118.8 Hz,023,1500 Hz,HIGH,OFF,12.5KHz,0,"Springfield",0
192,147.33,147.93,0.6,+RPT,FM,KZ0DEM,TONE ENC,118.8 Hz,023,1500 Hz,HIGH,OFF,12.5KHz,0,"Springfield",0
193,446.7625,441.7625,5,-RPT,FM,KZ0DEM,OFF,88.5 Hz,023,1500 Hz,HIGH,OFF,12.5KHz,0,"Vilas",0
194,449.2,444.2,5,-RPT,FM,KZ0DEM,TONE ENC,118.8 Hz,023,1500 Hz,HIGH,OFF,12.5KHz,0,"Springfield",0
195,146.64,146.04,0.6,-RPT,FM,KZ0DEM,TONE ENC,100.0 Hz,023,1500 Hz,HIGH,OFF,12.5KHz,0,"Pritchett -  Tator Butte",0
196,224.8,223.2,1.6,-RPT,FM,N0AFO,OFF,88.5 Hz,023,1500 Hz,HIGH,OFF,12.5KHz,0,"Vail",0
197,449.9,444.9,5,-RPT,FM,N0AFO,TONE ENC,107.2 Hz,023,1500 Hz,HIGH,OFF,12.5KHz,0,"Vail",0
198,446.7375,441.7375,5,-RPT,FM,N0AOL,OFF,88.5 Hz,023,1500 Hz,HIGH,OFF,12.5KHz,0,"Fort Collins",0
199,147.12,147.72,0.6,+RPT,FM,N0ARA,TONE ENC,88.5 Hz,023,1500 Hz,HIGH,OFF,12.5KHz,0,"Critchell - Critchell Mountain",0
200,448.75,443.75,5,-RPT,FM,N0ELY,TONE ENC,100.0 Hz,023,1500 Hz,HIGH,OFF,12.5KHz,0,"Lakewood",0
201,448.525,443.525,5,-RPT,FM,N0EPA,TONE ENC,151.4 Hz,023,1500 Hz,HIGH,OFF,12.5KHz,0,"Longmont",0
202,446.925,441.925,5,-RPT,FM,N0ESQ,OFF,88.5 Hz,023,1500 Hz,HIGH,OFF,12.5KHz,0,"Castle Rock - Devils Head",0
203,447.525,442.525,5,-RPT,FM,N0ESQ,TONE ENC,203.5 Hz,023,1500 Hz,HIGH,OFF,12.5KHz,0,"Parker - Hess Reservoir",0
204,447.525,442.525,5,-RPT,FM,N0ESQ,TONE ENC,146.2 Hz,023,1500 Hz,HIGH,OFF,12.5KHz,0,"Castle Rock - Devils Head (Pike National Forest)",0
205,146.685,146.085,0.6,-RPT,FM,N0FH,TONE ENC,123.0 Hz,023,1500 Hz,HIGH,OFF,12.5KHz,0,"Estes Park",0
206,449.8,444.8,5,-RPT,FM,N0FH,TONE ENC,123.0 Hz,023,1500 Hz,HIGH,OFF,12.5KHz,0,"Estes Park",0
207,447.9,442.9,5,-RPT,FM,N0HQD,TONE ENC,100.0 Hz,023,1500 Hz,HIGH,OFF,12.5KHz,0,"South Fork",0
208,447.9,442.9,5,-RPT,FM,N0HQD,TONE ENC,100.0 Hz,023,1500 Hz,HIGH,OFF,12.5KHz,0,"South Fork",0
209,145.355,144.755,0.6,-RPT,FM,N0JPX,TONE ENC,100.0 Hz,023,1500 Hz,HIGH,OFF,12.5KHz,0,"La Veta",0
210,146.61,146.01,0.6,-RPT,FM,N0JSP,TONE ENC,123.0 Hz,023,1500 Hz,HIGH,OFF,12.5KHz,0,"Pagosa Springs - Oakbrush Hill",0
211,146.955,146.355,0.6,-RPT,FM,N0JUN,OFF,88.5 Hz,023,1500 Hz,HIGH,OFF,12.5KHz,0,"Holyoke",0
212,146.715,146.115,0.6,-RPT,FM,N0JXN,TONE ENC,123.0 Hz,023,1500 Hz,HIGH,OFF,12.5KHz,0,"Denver",0
213,448.25,443.25,5,-RPT,FM,N0KG,TONE ENC,123.0 Hz,023,1500 Hz,HIGH,OFF,12.5KHz,0,"Colorado Springs - Broadmoor Area",0
214,146.64,146.04,0.6,-RPT,FM,N0KM,TONE ENC,77.0 Hz,023,1500 Hz,HIGH,OFF,12.5KHz,0,"Center",0
215,447.1,442.1,5,-RPT,FM,N0KM,TONE ENC,77.0 Hz,023,1500 Hz,HIGH,OFF,12.5KHz,0,"Center",0
216,146.61,146.01,0.6,-RPT,FM,N0LAR,TONE ENC,123.0 Hz,023,1500 Hz,HIGH,OFF,12.5KHz,0,"Lamar - 4 Miles East of Lamar",0
217,449.5,444.5,5,-RPT,FM,N0LAR,TONE ENC,123.0 Hz,023,1500 Hz,HIGH,OFF,12.5KHz,0,"Lamar",0
218,224,222.4,1.6,-RPT,FM,N0MHU,TONE ENC,103.5 Hz,023,1500 Hz,HIGH,OFF,12.5KHz,0,"Golden - Guy Hill",0
219,145.19,144.59,0.6,-RPT,FM,N0OBA,TONE ENC,71.9 Hz,023,1500 Hz,HIGH,OFF,12.5KHz,0,"Aurora",0
220,448.7,443.7,5,-RPT,FM,N0OBA,TONE ENC,71.9 Hz,023,1500 Hz,HIGH,OFF,12.5KHz,0,"Aurora",0
221,447.5,442.5,5,-RPT,FM,N0OWY,TONE ENC,88.5 Hz,023,1500 Hz,HIGH,OFF,12.5KHz,0,"Conifer - Critchell Mountain",0
222,449.525,444.525,5,-RPT,FM,N0PKT,TONE ENC,100.0 Hz,023,1500 Hz,HIGH,OFF,12.5KHz,0,"Creede - Bristol Head",0
223,224.74,223.14,1.6,-RPT,FM,N0POH,TONE ENC,88.5 Hz,023,1500 Hz,HIGH,OFF,12.5KHz,0,"Golden - Guy Hill",0
224,145.25,144.65,0.6,-RPT,FM,N0PRG,TONE ENC,103.5 Hz,023,1500 Hz,HIGH,OFF,12.5KHz,0,"Steamboat Springs - Sunshine Peak",0
225,146.64,146.04,0.6,-RPT,FM,N0PUF,TONE ENC,100.0 Hz,023,1500 Hz,HIGH,OFF,12.5KHz,0,"Golden - Centennial Cone",0
226,146.88,146.28,0.6,-RPT,FM,N0PUF,TONE ENC,100.0 Hz,023,1500 Hz,HIGH,OFF,12.5KHz,0,"Centennial - Warren Mountain",0
227,449.6,444.6,5,-RPT,FM,N0PUF,TONE ENC,100.0 Hz,023,1500 Hz,HIGH,OFF,12.5KHz,0,"Centennial - Warren Mountain",0
228,449.725,444.725,5,-RPT,FM,N0PWZ,TONE ENC,100.0 Hz,023,1500 Hz,HIGH,OFF,12.5KHz,0,"Palmer Divide",0
229,147.3,147.9,0.6,+RPT,FM,N0PYY,TONE ENC,103.5 Hz,023,1500 Hz,HIGH,OFF,12.5KHz,0,"Evergreen - Squaw Mountain",0
230,448.125,443.125,5,-RPT,FM,N0PYY,TONE ENC,107.2 Hz,023,1500 Hz,HIGH,OFF,12.5KHz,0,"Golden",0
231,927.7875,902.7875,25.0,-RPT,FM,N0PYY,TONE ENC,156.7 Hz,023,1500 Hz,HIGH,OFF,12.5KHz,0,"Golden",0
232,146.76,146.16,0.6,-RPT,FM,N0SWE,TONE ENC,107.2 Hz,023,1500 Hz,HIGH,OFF,12.5KHz,0,"Rifle",0
233,145.43,144.83,0.6,-RPT,FM,N0SZ,TONE ENC,141.3 Hz,023,1500 Hz,HIGH,OFF,12.5KHz,0,"Boulder - Lee Hill",0
234,445.05,440.05,5,-RPT,FM,N0SZ,OFF,88.5 Hz,023,1500 Hz,HIGH,OFF,12.5KHz,0,"Boulder - Lee Hill",0
235,446.8,441.8,5,-RPT,FM,N0SZ,OFF,88.5 Hz,023,1500 Hz,HIGH,OFF,12.5KHz,0,"Boulder - Mount Thorodin",0
236,446.9875,441.9875,5,-RPT,FM,N0SZ,OFF,88.5 Hz,023,1500 Hz,HIGH,OFF,12.5KHz,0,"Boulder - Eldorado",0
237,447.75,442.75,5,-RPT,FM,N0SZ,TONE ENC,141.3 Hz,023,1500 Hz,HIGH,OFF,12.5KHz,0,"Boulder - Lee Hill",0
238,446.8125,441.8125,5,-RPT,FM,N0SZ,OFF,88.5 Hz,023,1500 Hz,HIGH,OFF,12.5KHz,0,"Salida - Methodist Mountain",0
239,145.175,144.575,0.6,-RPT,FM,N0SZ,OFF,88.5 Hz,023,1500 Hz,HIGH,OFF,12.5KHz,0,"Evergreen - Squaw Mountain",0
240,446.9375,441.9375,5,-RPT,FM,N0SZ,OFF,88.5 Hz,023,1500 Hz,HIGH,OFF,12.5KHz,0,"Idaho Springs - Squaw Mountain",0
241,448.225,443.225,5,-RPT,FM,N0SZ,TONE ENC,141.3 Hz,023,1500 Hz,HIGH,OFF,12.5KHz,0,"Idaho Springs - Squaw Mountain",0
242,446.875,441.875,5,-RPT,FM,N0SZ,OFF,88.5 Hz,023,1500 Hz,HIGH,OFF,12.5KHz,0,"Westcreek",0
243,445.075,440.075,5,-RPT,FM,N0SZ,OFF,88.5 Hz,023,1500 Hz,HIGH,OFF,12.5KHz,0,"Vail",0
244,145.235,144.635,0.6,-RPT,FM,N0SZ,OFF,88.5 Hz,023,1500 Hz,HIGH,OFF,12.5KHz,0,"Colorado Springs - Almagre Mountain",0
245,445.0625,440.0625,5,-RPT,FM,N0SZ,OFF,88.5 Hz,023,1500 Hz,HIGH,OFF,12.5KHz,0,"Colorado Springs - Cheyenne Mountain",0
246,449.225,444.225,5,-RPT,FM,N0SZ,TONE ENC,141.3 Hz,023,1500 Hz,HIGH,OFF,12.5KHz,0,"Denver - Thorodin Mountain",0
247,145.37,144.77,0.6,-RPT,FM,N0SZ,OFF,88.5 Hz,023,1500 Hz,HIGH,OFF,12.5KHz,0,"Golden - Lookout Mountain",0
248,445.05,440.05,5,-RPT,FM,N0SZ,OFF,88.5 Hz,023,1500 Hz,HIGH,OFF,12.5KHz,0,"Leadville - Mosquito Pass",0
249,445.1375,440.1375,5,-RPT,FM,N0SZ,OFF,88.5 Hz,023,1500 Hz,HIGH,OFF,12.5KHz,0,"Durango - Missionary Ridge",0
250,445.2,440.2,5,-RPT,FM,N0SZ,OFF,88.5 Hz,023,1500 Hz,HIGH,OFF,12.5KHz,0,"Fort Collins - Buckhorn Mountain",0
251,446.7625,441.7625,5,-RPT,FM,N0SZ,OFF,88.5 Hz,023,1500 Hz,HIGH,OFF,12.5KHz,0,"Fairplay - Badger",0
252,445.2625,440.2625,5,-RPT,FM,N0SZ,OFF,88.5 Hz,023,1500 Hz,HIGH,OFF,12.5KHz,0,"Rangely - Cathedral Bluffs",0
253,445.0875,440.0875,5,-RPT,FM,N0SZ,OFF,88.5 Hz,023,1500 Hz,HIGH,OFF,12.5KHz,0,"Breckenridge - Baldy",0
254,147.24,147.84,0.6,+RPT,FM,N0WAR,OFF,88.5 Hz,023,1500 Hz,HIGH,OFF,12.5KHz,0,"Estes Park - Prospect Mtn",0
255,147.075,147.675,0.6,+RPT,FM,N0XLF,TONE ENC,131.8 Hz,023,1500 Hz,HIGH,OFF,12.5KHz,0,"Palmer Lake - Monument Hill",0
256,449.6,444.6,5,-RPT,FM,N0XLI,TONE ENC,107.2 Hz,023,1500 Hz,HIGH,OFF,12.5KHz,0,"Glenwood Springs - Sunlight Peak",0
257,147.24,147.84,0.6,+RPT,FM,N0ZSN,TONE ENC,156.7 Hz,023,1500 Hz,HIGH,OFF,12.5KHz,0,"Leadville - Quail Mountain",0
258,449.75,444.75,5,-RPT,FM,N0ZSN,TONE ENC,100.0 Hz,023,1500 Hz,HIGH,OFF,12.5KHz,0,"La Veta - Cordova Pass",0
259,449.9,444.9,5,-RPT,FM,N1FSX,TONE ENC,107.2 Hz,023,1500 Hz,HIGH,OFF,12.5KHz,0,"Punkin Center",0
260,449.3,444.3,5,-RPT,FM,N1UPS,TONE ENC,100.0 Hz,023,1500 Hz,HIGH,OFF,12.5KHz,0,"Westminster",0
261,449.925,444.925,5,-RPT,FM,N2KNK,TONE ENC,151.4 Hz,023,1500 Hz,HIGH,OFF,12.5KHz,0,"Parachute - Mount Callahan",0
262,447.65,442.65,5,-RPT,FM,N2KNK,TONE ENC,151.4 Hz,023,1500 Hz,HIGH,OFF,12.5KHz,0,"Gunnison - W Mountain or Tenderfoot Mountain",0
263,445.05,440.05,5,-RPT,FM,N2KNK,OFF,88.5 Hz,023,1500 Hz,HIGH,OFF,12.5KHz,0,"Grand Junction - Grand Mesa",0
264,447.175,442.175,5,-RPT,FM,N2KNK,TONE ENC,151.4 Hz,023,1500 Hz,HIGH,OFF,12.5KHz,0,"Grand Junction - Black Ridge",0
265,449.4,444.4,5,-RPT,FM,N2KNK,TONE ENC,131.8 Hz,023,1500 Hz,HIGH,OFF,12.5KHz,0,"Delta - Uncompahgre Butte",0
266,449.65,444.65,5,-RPT,FM,N2KNK,TONE ENC,151.4 Hz,023,1500 Hz,HIGH,OFF,12.5KHz,0,"Grand Junction - Grand Mesa",0
267,448.65,443.65,5,-RPT,FM,N2KNK,TONE ENC,151.4 Hz,023,1500 Hz,HIGH,OFF,12.5KHz,0,"Montrose - Waterdog Peak",0
268,447.65,442.65,5,-RPT,FM,N2KNK,TONE ENC,151.4 Hz,023,1500 Hz,HIGH,OFF,12.5KHz,0,"Meeker - Uranium Peak",0
269,449.7,444.7,5,-RPT,FM,N2KNK,TONE ENC,107.2 Hz,023,1500 Hz,HIGH,OFF,12.5KHz,0,"Telluride - Gray Head",0
270,927.925,902.0125,25.9125,-RPT,FM,N2PDQ,TONE ENC,100.0 Hz,023,1500 Hz,HIGH,OFF,12.5KHz,0,"Idaho Springs - Middle Squaw Mountain",0
271,448.4,443.4,5,-RPT,FM,N2SKY,TONE ENC,103.5 Hz,023,1500 Hz,HIGH,OFF,12.5KHz,0,"Buena Vista - Mt. Princeton",0
272,449.575,444.575,5,-RPT,FM,N2SKY,TONE ENC,103.5 Hz,023,1500 Hz,HIGH,OFF,12.5KHz,0,"Leadville - Colorado Mountain College",0
273,448.75,443.75,5,-RPT,FM,N2SKY,TONE ENC,103.5 Hz,023,1500 Hz,HIGH,OFF,12.5KHz,0,"Vail - Vail Mountain",0
274,449.85,444.85,5,-RPT,FM,N2SKY,TONE ENC,103.5 Hz,023,1500 Hz,HIGH,OFF,12.5KHz,0,"Colorado Springs - Gardner Rock",0
275,448.4,443.4,5,-RPT,FM,N2SKY,TONE ENC,94.8 Hz,023,1500 Hz,HIGH,OFF,12.5KHz,0,"Loveland - Milner Mtn.",0
276,449.575,444.575,5,-RPT,FM,N2SKY,TONE ENC,103.5 Hz,023,1500 Hz,HIGH,OFF,12.5KHz,0,"Pueblo - Baculite Mesa",0
277,447.425,442.425,5,-RPT,FM,N2SKY,OFF,88.5 Hz,023,1500 Hz,HIGH,OFF,12.5KHz,0,"Steamboat Springs - Storm Peak",0
278,447.425,442.425,5,-RPT,FM,N2SKY,TONE ENC,103.5 Hz,023,1500 Hz,HIGH,OFF,12.5KHz,0,"Akron",0
279,446.7375,441.7375,5,-RPT,FM,N5UBJ,OFF,88.5 Hz,023,1500 Hz,HIGH,OFF,12.5KHz,0,"Mancos - Caviness Mountain",0
280,446.75,441.75,5,-RPT,FM,N6JPH,OFF,88.5 Hz,023,1500 Hz,HIGH,OFF,12.5KHz,0,"Blanca",0
281,447.875,442.875,5,-RPT,FM,N6LXX,TONE ENC,107.2 Hz,023,1500 Hz,HIGH,OFF,12.5KHz,0,"Morrison - Mt. Morrison",0
282,447.45,442.45,5,-RPT,FM,NA0PW,TONE ENC,123.0 Hz,023,1500 Hz,HIGH,OFF,12.5KHz,0,"Pueblo West - Liberty Point",0
283,147,147.6,0.6,+RPT,FM,NE0Z,OFF,88.5 Hz,023,1500 Hz,HIGH,OFF,12.5KHz,0,"Pueblo - CSU",0
284,447.475,442.475,5,-RPT,FM,NX0G,TONE ENC,107.2 Hz,023,1500 Hz,HIGH,OFF,12.5KHz,0,"Colorado Springs",0
285,146.685,146.085,0.6,-RPT,FM,NX0G,TONE ENC,107.2 Hz,023,1500 Hz,HIGH,OFF,12.5KHz,0,"Lake George - Badger Mountain",0
286,146.82,146.22,0.6,-RPT,FM,NX0G,TONE ENC,107.2 Hz,023,1500 Hz,HIGH,OFF,12.5KHz,0,"Woodland Park",0
287,147.015,147.615,0.6,+RPT,FM,NX0G,TONE ENC,107.2 Hz,023,1500 Hz,HIGH,OFF,12.5KHz,0,"Cripple Creek",0
288,448.65,443.65,5,-RPT,FM,NX0G,TONE ENC,107.2 Hz,023,1500 Hz,HIGH,OFF,12.5KHz,0,"Woodland Park",0
289,147.36,147.96,0.6,+RPT,FM,W0ALC,TONE ENC,100.0 Hz,023,1500 Hz,HIGH,OFF,12.5KHz,0,"Cedaredge",0
290,449.825,444.825,5,-RPT,FM,W0ALC,TONE ENC,100.0 Hz,023,1500 Hz,HIGH,OFF,12.5KHz,0,"Cedaredge",0
291,423,1243,0,+RPT,FM,W0BTV,OFF,88.5 Hz,023,1500 Hz,HIGH,OFF,12.5KHz,0,"Boulder",0
292,446.9125,441.9125,5,-RPT,FM,W0BX,OFF,88.5 Hz,023,1500 Hz,HIGH,OFF,12.5KHz,0,"Grand Junction - Grand Mesa",0
293,448.675,443.675,5,-RPT,FM,W0CFI,TONE ENC,100.0 Hz,023,1500 Hz,HIGH,OFF,12.5KHz,0,"Idaho Springs - Squaw Mountain",0
294,145.46,144.86,0.6,-RPT,FM,W0CRA,TONE ENC,107.2 Hz,023,1500 Hz,HIGH,OFF,12.5KHz,0,"Boulder - Eldorado Mountain",0
295,447.975,442.975,5,-RPT,FM,W0CRA,TONE ENC,107.2 Hz,023,1500 Hz,HIGH,OFF,12.5KHz,0,"Boulder - Eldorado Mountain",0
296,145.145,144.545,0.6,-RPT,FM,W0CRA,TONE ENC,107.2 Hz,023,1500 Hz,HIGH,OFF,12.5KHz,0,"Idaho Springs - Squaw Mountain",0
297,447.575,442.575,5,-RPT,FM,W0CRA,TONE ENC,107.2 Hz,023,1500 Hz,HIGH,OFF,12.5KHz,0,"Idaho Springs - Squaw Mountain",0
298,147.225,147.825,0.6,+RPT,FM,W0CRA,TONE ENC,107.2 Hz,023,1500 Hz,HIGH,OFF,12.5KHz,0,"Larkspur - Westcreek",0
299,448.425,443.425,5,-RPT,FM,W0CRA,TONE ENC,107.2 Hz,023,1500 Hz,HIGH,OFF,12.5KHz,0,"Larkspur - Westcreek",0
300,145.16,144.56,0.6,-RPT,FM,W0CRA,TONE ENC,107.2 Hz,023,1500 Hz,HIGH,OFF,12.5KHz,0,"Colorado Springs - Cheyenne Mountain",0
301,147.15,147.75,0.6,+RPT,FM,W0CTS,TONE ENC,123.0 Hz,023,1500 Hz,HIGH,OFF,12.5KHz,0,"Lamar - 1.7 Miles S.E.",0
302,449.2,444.2,5,-RPT,FM,W0CTS,TONE ENC,162.2 Hz,023,1500 Hz,HIGH,OFF,12.5KHz,0,"Lamar",0
303,146.61,146.01,0.6,-RPT,FM,W0DK,TONE ENC,100.0 Hz,023,1500 Hz,HIGH,OFF,12.5KHz,0,"Lyons",0
304,146.7,146.1,0.6,-RPT,FM,W0DK,TONE ENC,100.0 Hz,023,1500 Hz,HIGH,OFF,12.5KHz,0,"Boulder - Table Mountain",0
305,448.9,443.9,5,-RPT,FM,W0DK,TONE ENC,100.0 Hz,023,1500 Hz,HIGH,OFF,12.5KHz,0,"Boulder - Table Mesa",0
306,147.39,147.99,0.6,+RPT,FM,W0DMR,OFF,88.5 Hz,023,1500 Hz,HIGH,OFF,12.5KHz,0,"Fort Collins - Timnath",0
307,446.775,441.775,5,-RPT,FM,W0DMR,OFF,88.5 Hz,023,1500 Hz,HIGH,OFF,12.5KHz,0,"Fort Collins - Timnath",0
308,147.27,147.87,0.6,+RPT,FM,W0ENO,TONE ENC,100.0 Hz,023,1500 Hz,HIGH,OFF,12.5KHz,0,"Longmont",0
309,448.8,443.8,5,-RPT,FM,W0ENO,TONE ENC,88.5 Hz,023,1500 Hz,HIGH,OFF,12.5KHz,0,"Longmont",0
310,448.175,443.175,5,-RPT,FM,W0FT,OFF,88.5 Hz,023,1500 Hz,HIGH,OFF,12.5KHz,0,"Akron",0
311,448.2,443.2,5,-RPT,FM,W0FT,OFF,88.5 Hz,023,1500 Hz,HIGH,OFF,12.5KHz,0,"Fort Morgan - Fort Morgan EOC",0
312,146.82,146.22,0.6,-RPT,FM,W0GJT,TONE ENC,107.2 Hz,023,1500 Hz,HIGH,OFF,12.5KHz,0,"Grand Junction - 9 Mile, Hwy 141, Unaweep",0
313,448.15,443.15,5,-RPT,FM,W0GJT,TONE ENC,100.0 Hz,023,1500 Hz,HIGH,OFF,12.5KHz,0,"Grand Junction",0
314,448.975,443.975,5,-RPT,FM,W0GV,TONE ENC,123.0 Hz,023,1500 Hz,HIGH,OFF,12.5KHz,0,"Golden",0
315,146.76,146.16,0.6,-RPT,FM,W0IA,TONE ENC,100.0 Hz,023,1500 Hz,HIGH,OFF,12.5KHz,0,"Boulder - Gunbarrel Hill",0
316,224.02,222.42,1.6,-RPT,FM,W0IA,OFF,88.5 Hz,023,1500 Hz,HIGH,OFF,12.5KHz,0,"Boulder - Lee Hill",0
317,449.55,444.55,5,-RPT,FM,W0IA,TONE ENC,100.0 Hz,023,1500 Hz,HIGH,OFF,12.5KHz,0,"Boulder - Lee Hill, Boulder",0
318,448.075,443.075,5,-RPT,FM,W0IG,TONE ENC,123.0 Hz,023,1500 Hz,HIGH,OFF,12.5KHz,0,"Denver",0
319,449.65,444.65,5,-RPT,FM,W0JFK,TONE ENC,100.0 Hz,023,1500 Hz,HIGH,OFF,12.5KHz,0,"La Junta",0
320,447.175,442.175,5,-RPT,FM,W0JRL,TONE ENC,103.5 Hz,023,1500 Hz,HIGH,OFF,12.5KHz,0,"Boulder - Hoover Hill",0
321,146.91,146.31,0.6,-RPT,FM,W0JZ,TONE ENC,123.0 Hz,023,1500 Hz,HIGH,OFF,12.5KHz,0,"Gold Hill ",0
322,147.195,147.795,0.6,+RPT,FM,W0LRA,TONE ENC,100.0 Hz,023,1500 Hz,HIGH,OFF,12.5KHz,0,"Loveland - Namaqua Hill",0
323,449.575,444.575,5,-RPT,FM,W0LRA,TONE ENC,100.0 Hz,023,1500 Hz,HIGH,OFF,12.5KHz,0,"Loveland - Namaqua Hill",0
324,146.745,146.145,0.6,-RPT,FM,W0LSD,TONE ENC,100.0 Hz,023,1500 Hz,HIGH,OFF,12.5KHz,0,"Nathrop",0
325,147.39,147.99,0.6,+RPT,FM,W0MOG,TONE ENC,103.5 Hz,023,1500 Hz,HIGH,OFF,12.5KHz,0,"Colorado Springs",0
326,224.72,223.12,1.6,-RPT,FM,W0MOG,TONE ENC,103.5 Hz,023,1500 Hz,HIGH,OFF,12.5KHz,0,"Colorado springs ",0
327,448.6,443.6,5,-RPT,FM,W0MOG,TONE ENC,114.8 Hz,023,1500 Hz,HIGH,OFF,12.5KHz,0,"Colorado Springs",0
328,927.8,902.8,25.0,-RPT,FM,W0MOG,DCS,88.5 Hz,116,1500 Hz,HIGH,OFF,12.5KHz,0,"Colorado Springs",0
329,448.55,443.55,5,-RPT,FM,W0NED,TONE ENC,141.3 Hz,023,1500 Hz,HIGH,OFF,12.5KHz,0,"Nederland",0
330,146.73,146.13,0.6,-RPT,FM,W0PHC,TONE ENC,88.5 Hz,023,1500 Hz,HIGH,OFF,12.5KHz,0,"Walsenburg - N Rattlesnake Butte",0
331,447.6,442.6,5,-RPT,FM,W0PHC,TONE ENC,88.5 Hz,023,1500 Hz,HIGH,OFF,12.5KHz,0,"Walsenburg - Badito Cone",0
332,145.115,144.515,0.6,-RPT,FM,W0PHC,TONE ENC,88.5 Hz,023,1500 Hz,HIGH,OFF,12.5KHz,0,"Pueblo",0
333,146.79,146.19,0.6,-RPT,FM,W0PHC,TONE ENC,88.5 Hz,023,1500 Hz,HIGH,OFF,12.5KHz,0,"Pueblo - Baculite Mesa",0
334,146.88,146.28,0.6,-RPT,FM,W0PHC,TONE ENC,88.5 Hz,023,1500 Hz,HIGH,OFF,12.5KHz,0,"Pueblo - 12 Mile Hill",0
335,224.26,222.66,1.6,-RPT,FM,W0PHC,TONE ENC,88.5 Hz,023,1500 Hz,HIGH,OFF,12.5KHz,0,"Pueblo - Baculite Mesa",0
336,447.175,442.175,5,-RPT,FM,W0PHC,TONE ENC,88.5 Hz,023,1500 Hz,HIGH,OFF,12.5KHz,0,"Pueblo - 12 Mile Hill",0
337,447.95,442.95,5,-RPT,FM,W0PHC,TONE ENC,88.5 Hz,023,1500 Hz,HIGH,OFF,12.5KHz,0,"Pueblo - 12 Mile",0
338,147.36,147.96,0.6,+RPT,FM,W0QEY,TONE ENC,100.0 Hz,023,1500 Hz,HIGH,OFF,12.5KHz,0,"Fort Collins - CSU Durward Hall",0
339,446.7625,441.7625,5,-RPT,FM,W0QEY,OFF,88.5 Hz,023,1500 Hz,HIGH,OFF,12.5KHz,0,"Fort Collins - CSU Durward Hall",0
340,446.8125,441.8125,5,-RPT,FM,W0QEY,OFF,88.5 Hz,023,1500 Hz,HIGH,OFF,12.5KHz,0,"Fort Collins - CSU Durward Hall",0
341,449.85,444.85,5,-RPT,FM,W0QEY,TONE ENC,100.0 Hz,023,1500 Hz,HIGH,OFF,12.5KHz,0,"Fort Collins - CSU Durward Hall",0
342,927.95,902.95,25.0,-RPT,FM,W0QEY,TONE ENC,100.0 Hz,023,1500 Hz,HIGH,OFF,12.5KHz,0,"Fort Collins - CSU Durward Hall",0
343,145.175,144.575,0.6,-RPT,FM,W0RRZ,TONE ENC,107.2 Hz,023,1500 Hz,HIGH,OFF,12.5KHz,0,"Grand Junction - GJT",0
344,146.94,146.34,0.6,-RPT,FM,W0RRZ,TONE ENC,107.2 Hz,023,1500 Hz,HIGH,OFF,12.5KHz,0,"Grand Junction - Black Ridge (Above Colorado Ntl Monument)",0
345,927.975,902.0375,0.00,-/+,FM,W0SKY,TONE ENC,67.0 Hz,023,1500 Hz,HIGH,OFF,12.5KHz,0,"Golden - Lookout Mountain",0
346,447.725,442.725,5,-RPT,FM,W0TLM,TONE ENC,100.0 Hz,023,1500 Hz,HIGH,OFF,12.5KHz,0,"Monument - Monument Hill",0
347,449.35,444.35,5,-RPT,FM,W0TX,TONE ENC,100.0 Hz,023,1500 Hz,HIGH,OFF,12.5KHz,0,"Idaho Springs - Squaw Mountain",0
348,145.49,144.89,0.6,-RPT,FM,W0TX,TONE ENC,100.0 Hz,023,1500 Hz,HIGH,OFF,12.5KHz,0,"Idaho Springs - Centennial Cone",0
349,147.33,147.93,0.6,+RPT,FM,W0TX,TONE ENC,100.0 Hz,023,1500 Hz,HIGH,OFF,12.5KHz,0,"Lakewood - Green Mountain",0
350,224.38,222.78,1.6,-RPT,FM,W0TX,TONE ENC,100.0 Hz,023,1500 Hz,HIGH,OFF,12.5KHz,0,"Lakewood - Green Mountain",0
351,446.7875,441.7875,5,-RPT,FM,W0TX,OFF,88.5 Hz,023,1500 Hz,HIGH,OFF,12.5KHz,0,"Denver - Centennial Cone",0
352,447.825,442.825,5,-RPT,FM,W0TX,DCS,88.5 Hz,073,1500 Hz,HIGH,OFF,12.5KHz,0,"Lakewood - St Anthony Medical Campus",0
353,448.625,443.625,5,-RPT,FM,W0TX,TONE ENC,100.0 Hz,023,1500 Hz,HIGH,OFF,12.5KHz,0,"Golden - Centennial Cone",0
354,449.775,444.775,5,-RPT,FM,W0TX,OFF,88.5 Hz,023,1500 Hz,HIGH,OFF,12.5KHz,0,"Lakewood - Green Mtn",0
355,147.15,147.75,0.6,+RPT,FM,W0UAW,TONE ENC,100.0 Hz,023,1500 Hz,HIGH,OFF,12.5KHz,0,"Golden - Guy Hill",0
356,145.115,144.515,0.6,-RPT,FM,W0UPS,TONE ENC,100.0 Hz,023,1500 Hz,HIGH,OFF,12.5KHz,0,"Fort Collins - Horsetooth Mountain",0
357,146.625,146.025,0.6,-RPT,FM,W0UPS,TONE ENC,100.0 Hz,023,1500 Hz,HIGH,OFF,12.5KHz,0,"Fort Collins - Buckhorn Mountain",0
358,224.52,222.92,1.6,-RPT,FM,W0UPS,TONE ENC,100.0 Hz,023,1500 Hz,HIGH,OFF,12.5KHz,0,"Fort Collins - Horsetooth Mountain",0
359,224.84,223.24,1.6,-RPT,FM,W0UPS,TONE ENC,100.0 Hz,023,1500 Hz,HIGH,OFF,12.5KHz,0,"Fort Collins - Buckhorn Mountain",0
360,447.275,442.275,5,-RPT,FM,W0UPS,TONE ENC,100.0 Hz,023,1500 Hz,HIGH,OFF,12.5KHz,0,"Fort Collins - Horsetooth Mountain",0
361,447.7,442.7,5,-RPT,FM,W0UPS,TONE ENC,100.0 Hz,023,1500 Hz,HIGH,OFF,12.5KHz,0,"Fort Collins - Buckhorn Mountain",0
362,448.025,443.025,5,-RPT,FM,W0UPS,TONE ENC,100.0 Hz,023,1500 Hz,HIGH,OFF,12.5KHz,0,"Loveland - Budweiser Event Center",0
363,146.85,146.25,0.6,-RPT,FM,W0UPS,TONE ENC,100.0 Hz,023,1500 Hz,HIGH,OFF,12.5KHz,0,"Greeley - UNC",0
364,147.12,147.72,0.6,+RPT,FM,W0VTL,OFF,88.5 Hz,023,1500 Hz,HIGH,OFF,12.5KHz,0,"Gunnison",0
365,449.825,444.825,5,-RPT,FM,W0WYX,TONE ENC,103.5 Hz,023,1500 Hz,HIGH,OFF,12.5KHz,0,"Broomfield",0
366,146.94,146.34,0.6,-RPT,FM,W0WYX,TONE ENC,103.5 Hz,023,1500 Hz,HIGH,OFF,12.5KHz,0,"Idaho Springs - Squaw Mountain",0
367,447.6,442.6,5,-RPT,FM,W1VAN,OFF,88.5 Hz,023,1500 Hz,HIGH,OFF,12.5KHz,0,"Red Feather Lakes - Red Feather Lakes",0
368,448.25,443.25,5,-RPT,FM,W5WCA,TONE ENC,103.5 Hz,023,1500 Hz,HIGH,OFF,12.5KHz,0,"Grand Lake - Grand Lake",0
369,447.725,442.725,5,-RPT,FM,W7RF,TONE ENC,131.8 Hz,023,1500 Hz,HIGH,OFF,12.5KHz,0,"Fort Collins",0
370,449.95,444.95,5,-RPT,FM,W9SL,TONE ENC,77.0 Hz,023,1500 Hz,HIGH,OFF,12.5KHz,0,"Aurora",0
371,147.105,147.705,0.6,+RPT,FM,WA0DE,TONE ENC,107.2 Hz,023,1500 Hz,HIGH,OFF,12.5KHz,0,"Simla",0
372,145.295,144.695,0.6,-RPT,FM,WA0JTB,TONE ENC,100.0 Hz,023,1500 Hz,HIGH,OFF,12.5KHz,0,"Sterling - CO",0
373,447.05,442.05,5,-RPT,FM,WA0MJX,TONE ENC,103.5 Hz,023,1500 Hz,HIGH,OFF,12.5KHz,0,"Denver - 1670 Broadway",0
374,446.8375,441.8375,5,-RPT,FM,WA2YZT,OFF,88.5 Hz,023,1500 Hz,HIGH,OFF,12.5KHz,0,"Golden - Lookout",0
375,447.45,442.45,5,-RPT,FM,WA4CCC,TONE ENC,103.5 Hz,023,1500 Hz,HIGH,OFF,12.5KHz,0,"Winter Park",0
376,449.85,444.85,5,-RPT,FM,WA4HND,TONE ENC,131.8 Hz,023,1500 Hz,HIGH,OFF,12.5KHz,0,"Glenwood Springs - Lookout Mountain",0
377,449.3,444.3,5,-RPT,FM,WA4HND,TONE ENC,107.2 Hz,023,1500 Hz,HIGH,OFF,12.5KHz,0,"Grand Junction - Grand Mesa",0
378,449.575,444.575,5,-RPT,FM,WA4HND,TONE ENC,131.8 Hz,023,1500 Hz,HIGH,OFF,12.5KHz,0,"Grand Junction - Black Ridge",0
379,447.2,442.2,5,-RPT,FM,WA4HND,TONE ENC,107.2 Hz,023,1500 Hz,HIGH,OFF,12.5KHz,0,"Montrose - Waterdog Peak",0
380,927.8625,902.025,25.8375,-RPT,FM,WA6IFI,OFF,88.5 Hz,023,1500 Hz,HIGH,OFF,12.5KHz,0,"Salida - Methodist Mountain",0
381,447.55,442.55,5,-RPT,FM,WA6IFI,TONE ENC,123.0 Hz,023,1500 Hz,HIGH,OFF,12.5KHz,0,"Colorado Springs",0
382,927.875,902.025,0.00,-/+,FM,WA6IFI,OFF,88.5 Hz,023,1500 Hz,HIGH,OFF,12.5KHz,0,"Trinidad - Raton Pass",0
383,927.725,902.025,25.7,-RPT,FM,WA6IFI,DCS,88.5 Hz,114,1500 Hz,HIGH,OFF,12.5KHz,0,"Colorado Springs - Almagre Mountain",0
384,927.7625,902.7625,25,-RPT,FM,WA6IFI,DCS,88.5 Hz,114,1500 Hz,HIGH,OFF,12.5KHz,0,"Colorado Springs - Almagre Mountain",0
385,146.7,146.1,0.6,-RPT,FM,WB0QMR,TONE ENC,107.2 Hz,023,1500 Hz,HIGH,OFF,12.5KHz,0,"Silverthorne",0
386,145.28,144.68,0.6,-RPT,FM,WB0SLW,TONE ENC,100.0 Hz,023,1500 Hz,HIGH,OFF,12.5KHz,0,"Pueblo",0
387,927.825,902.825,25,-RPT,FM,WB0SLW,TONE ENC,94.8 Hz,023,1500 Hz,HIGH,OFF,12.5KHz,0,"Pueblo - Baculite Mesa",0
388,447.9,442.9,5,-RPT,FM,WB0TPT,OFF,88.5 Hz,023,1500 Hz,HIGH,OFF,12.5KHz,0,"Denver",0
389,449,444,5,-RPT,FM,WB0WDF,TONE ENC,67.0 Hz,023,1500 Hz,HIGH,OFF,12.5KHz,0,"Canon City - eightmile Mountain",0
390,145.46,144.86,0.6,-RPT,FM,WB0WDF,TONE ENC,67.0 Hz,023,1500 Hz,HIGH,OFF,12.5KHz,0,"Cripple Creek",0
391,448.325,443.325,5,-RPT,FM,WB7UPS,TONE ENC,110.9 Hz,023,1500 Hz,HIGH,OFF,12.5KHz,0,"Wellington",0
392,449.425,444.425,5,-RPT,FM,WC3W,TONE ENC,103.5 Hz,023,1500 Hz,HIGH,OFF,12.5KHz,0,"Grand Lake",0
393,145.49,144.89,0.6,-RPT,FM,WD0EKR,TONE ENC,103.5 Hz,023,1500 Hz,HIGH,OFF,12.5KHz,0,"Canon City - Fremont Peak",0
394,223.96,222.36,1.6,-RPT,FM,WD0EKR,TONE ENC,103.5 Hz,023,1500 Hz,HIGH,OFF,12.5KHz,0,"Canon City - Fremont Peak",0
395,447.75,442.75,5,-RPT,FM,WD0EKR,TONE ENC,103.5 Hz,023,1500 Hz,HIGH,OFF,12.5KHz,0,"Canon City - Fremont Peak",0
396,448.925,443.925,5,-RPT,FM,WD0HDR,TONE ENC,103.5 Hz,023,1500 Hz,HIGH,OFF,12.5KHz,0,"LaSalle",0
397,449.975,444.975,5,-RPT,FM,WE0FUN,TONE ENC,100.0 Hz,023,1500 Hz,HIGH,OFF,12.5KHz,0,"Salida - Methodist Mountain",0
398,448.15,443.15,5,-RPT,FM,WE0FUN,TONE ENC,141.3 Hz,023,1500 Hz,HIGH,OFF,12.5KHz,0,"Denver - Green Valley Ranch",0
399,449.975,444.975,5,-RPT,FM,WE0FUN,TONE ENC,100.0 Hz,023,1500 Hz,HIGH,OFF,12.5KHz,0,"Larkspur - Westcreek",0
400,448.975,443.975,5,-RPT,FM,WE0FUN,TONE ENC,100.0 Hz,023,1500 Hz,HIGH,OFF,12.5KHz,0,"Pueblo West",0
401,449.975,444.975,5,-RPT,FM,WE0FUN,TONE ENC,100.0 Hz,023,1500 Hz,HIGH,OFF,12.5KHz,0,"Pueblo - Cedarwood",0
402,449.05,444.05,5,-RPT,FM,WG0N,TONE ENC,107.2 Hz,023,1500 Hz,HIGH,OFF,12.5KHz,0,"Idaho Springs - Squaw Mountain",0
403,448.825,443.825,5,-RPT,FM,WN7ANT,OFF,88.5 Hz,023,1500 Hz,HIGH,OFF,12.5KHz,0,"Aurora",0
404,449.15,444.15,5,-RPT,FM,WR0AEN,TONE ENC,136.5 Hz,023,1500 Hz,HIGH,OFF,12.5KHz,0,"Aurora",0
405,449,444,5,-RPT,FM,WR0AEN,TONE ENC,136.5 Hz,023,1500 Hz,HIGH,OFF,12.5KHz,0,"Idaho Springs - Squaw Mountain",0
406,449.65,444.65,5,-RPT,FM,WR0AEN,TONE ENC,136.5 Hz,023,1500 Hz,HIGH,OFF,12.5KHz,0,"Denver",0
407,449.675,444.675,5,-RPT,FM,WR0AEN,TONE ENC,136.5 Hz,023,1500 Hz,HIGH,OFF,12.5KHz,0,"Denver",0
408,449.325,444.325,5,-RPT,FM,WR0AEN,TONE ENC,136.5 Hz,023,1500 Hz,HIGH,OFF,12.5KHz,0,"Greeley",0
409,145.22,144.62,0.6,-RPT,FM,WT0C,TONE ENC,103.5 Hz,023,1500 Hz,HIGH,OFF,12.5KHz,0,"Golden - Guy Hill",0
410,448.575,443.575,5,-RPT,FM,WZ0N,TONE ENC,103.5 Hz,023,1500 Hz,HIGH,OFF,12.5KHz,0,"Hartsel",0
411,,,,,,,,,,,,,,,,,,,,,,,,,,,,,,,,,,,,,,,,,,,,,,,,,,,,,0
412,,,,,,,,,,,,,,,,,,,,,,,,,,,,,,,,,,,,,,,,,,,,,,,,,,,,,0
413,,,,,,,,,,,,,,,,,,,,,,,,,,,,,,,,,,,,,,,,,,,,,,,,,,,,,0
414,,,,,,,,,,,,,,,,,,,,,,,,,,,,,,,,,,,,,,,,,,,,,,,,,,,,,0
415,,,,,,,,,,,,,,,,,,,,,,,,,,,,,,,,,,,,,,,,,,,,,,,,,,,,,0
416,,,,,,,,,,,,,,,,,,,,,,,,,,,,,,,,,,,,,,,,,,,,,,,,,,,,,0
417,,,,,,,,,,,,,,,,,,,,,,,,,,,,,,,,,,,,,,,,,,,,,,,,,,,,,0
418,,,,,,,,,,,,,,,,,,,,,,,,,,,,,,,,,,,,,,,,,,,,,,,,,,,,,0
419,,,,,,,,,,,,,,,,,,,,,,,,,,,,,,,,,,,,,,,,,,,,,,,,,,,,,0
420,,,,,,,,,,,,,,,,,,,,,,,,,,,,,,,,,,,,,,,,,,,,,,,,,,,,,0
421,,,,,,,,,,,,,,,,,,,,,,,,,,,,,,,,,,,,,,,,,,,,,,,,,,,,,0
422,,,,,,,,,,,,,,,,,,,,,,,,,,,,,,,,,,,,,,,,,,,,,,,,,,,,,0
423,,,,,,,,,,,,,,,,,,,,,,,,,,,,,,,,,,,,,,,,,,,,,,,,,,,,,0
424,,,,,,,,,,,,,,,,,,,,,,,,,,,,,,,,,,,,,,,,,,,,,,,,,,,,,0
425,,,,,,,,,,,,,,,,,,,,,,,,,,,,,,,,,,,,,,,,,,,,,,,,,,,,,0
426,,,,,,,,,,,,,,,,,,,,,,,,,,,,,,,,,,,,,,,,,,,,,,,,,,,,,0
427,,,,,,,,,,,,,,,,,,,,,,,,,,,,,,,,,,,,,,,,,,,,,,,,,,,,,0
428,,,,,,,,,,,,,,,,,,,,,,,,,,,,,,,,,,,,,,,,,,,,,,,,,,,,,0
429,,,,,,,,,,,,,,,,,,,,,,,,,,,,,,,,,,,,,,,,,,,,,,,,,,,,,0
430,,,,,,,,,,,,,,,,,,,,,,,,,,,,,,,,,,,,,,,,,,,,,,,,,,,,,0
431,,,,,,,,,,,,,,,,,,,,,,,,,,,,,,,,,,,,,,,,,,,,,,,,,,,,,0
432,,,,,,,,,,,,,,,,,,,,,,,,,,,,,,,,,,,,,,,,,,,,,,,,,,,,,0
433,,,,,,,,,,,,,,,,,,,,,,,,,,,,,,,,,,,,,,,,,,,,,,,,,,,,,0
434,,,,,,,,,,,,,,,,,,,,,,,,,,,,,,,,,,,,,,,,,,,,,,,,,,,,,0
435,,,,,,,,,,,,,,,,,,,,,,,,,,,,,,,,,,,,,,,,,,,,,,,,,,,,,0
436,,,,,,,,,,,,,,,,,,,,,,,,,,,,,,,,,,,,,,,,,,,,,,,,,,,,,0
437,,,,,,,,,,,,,,,,,,,,,,,,,,,,,,,,,,,,,,,,,,,,,,,,,,,,,0
438,,,,,,,,,,,,,,,,,,,,,,,,,,,,,,,,,,,,,,,,,,,,,,,,,,,,,0
439,,,,,,,,,,,,,,,,,,,,,,,,,,,,,,,,,,,,,,,,,,,,,,,,,,,,,0
440,,,,,,,,,,,,,,,,,,,,,,,,,,,,,,,,,,,,,,,,,,,,,,,,,,,,,0
441,,,,,,,,,,,,,,,,,,,,,,,,,,,,,,,,,,,,,,,,,,,,,,,,,,,,,0
442,,,,,,,,,,,,,,,,,,,,,,,,,,,,,,,,,,,,,,,,,,,,,,,,,,,,,0
443,,,,,,,,,,,,,,,,,,,,,,,,,,,,,,,,,,,,,,,,,,,,,,,,,,,,,0
444,,,,,,,,,,,,,,,,,,,,,,,,,,,,,,,,,,,,,,,,,,,,,,,,,,,,,0
445,,,,,,,,,,,,,,,,,,,,,,,,,,,,,,,,,,,,,,,,,,,,,,,,,,,,,0
446,,,,,,,,,,,,,,,,,,,,,,,,,,,,,,,,,,,,,,,,,,,,,,,,,,,,,0
447,,,,,,,,,,,,,,,,,,,,,,,,,,,,,,,,,,,,,,,,,,,,,,,,,,,,,0
448,,,,,,,,,,,,,,,,,,,,,,,,,,,,,,,,,,,,,,,,,,,,,,,,,,,,,0
449,,,,,,,,,,,,,,,,,,,,,,,,,,,,,,,,,,,,,,,,,,,,,,,,,,,,,0
450,,,,,,,,,,,,,,,,,,,,,,,,,,,,,,,,,,,,,,,,,,,,,,,,,,,,,0
451,,,,,,,,,,,,,,,,,,,,,,,,,,,,,,,,,,,,,,,,,,,,,,,,,,,,,0
452,,,,,,,,,,,,,,,,,,,,,,,,,,,,,,,,,,,,,,,,,,,,,,,,,,,,,0
453,,,,,,,,,,,,,,,,,,,,,,,,,,,,,,,,,,,,,,,,,,,,,,,,,,,,,0
454,,,,,,,,,,,,,,,,,,,,,,,,,,,,,,,,,,,,,,,,,,,,,,,,,,,,,0
455,,,,,,,,,,,,,,,,,,,,,,,,,,,,,,,,,,,,,,,,,,,,,,,,,,,,,0
456,,,,,,,,,,,,,,,,,,,,,,,,,,,,,,,,,,,,,,,,,,,,,,,,,,,,,0
457,,,,,,,,,,,,,,,,,,,,,,,,,,,,,,,,,,,,,,,,,,,,,,,,,,,,,0
458,,,,,,,,,,,,,,,,,,,,,,,,,,,,,,,,,,,,,,,,,,,,,,,,,,,,,0
459,,,,,,,,,,,,,,,,,,,,,,,,,,,,,,,,,,,,,,,,,,,,,,,,,,,,,0
460,,,,,,,,,,,,,,,,,,,,,,,,,,,,,,,,,,,,,,,,,,,,,,,,,,,,,0
461,,,,,,,,,,,,,,,,,,,,,,,,,,,,,,,,,,,,,,,,,,,,,,,,,,,,,0
462,,,,,,,,,,,,,,,,,,,,,,,,,,,,,,,,,,,,,,,,,,,,,,,,,,,,,0
463,,,,,,,,,,,,,,,,,,,,,,,,,,,,,,,,,,,,,,,,,,,,,,,,,,,,,0
464,,,,,,,,,,,,,,,,,,,,,,,,,,,,,,,,,,,,,,,,,,,,,,,,,,,,,0
465,,,,,,,,,,,,,,,,,,,,,,,,,,,,,,,,,,,,,,,,,,,,,,,,,,,,,0
466,,,,,,,,,,,,,,,,,,,,,,,,,,,,,,,,,,,,,,,,,,,,,,,,,,,,,0
467,,,,,,,,,,,,,,,,,,,,,,,,,,,,,,,,,,,,,,,,,,,,,,,,,,,,,0
468,,,,,,,,,,,,,,,,,,,,,,,,,,,,,,,,,,,,,,,,,,,,,,,,,,,,,0
469,,,,,,,,,,,,,,,,,,,,,,,,,,,,,,,,,,,,,,,,,,,,,,,,,,,,,0
470,,,,,,,,,,,,,,,,,,,,,,,,,,,,,,,,,,,,,,,,,,,,,,,,,,,,,0
471,,,,,,,,,,,,,,,,,,,,,,,,,,,,,,,,,,,,,,,,,,,,,,,,,,,,,0
472,,,,,,,,,,,,,,,,,,,,,,,,,,,,,,,,,,,,,,,,,,,,,,,,,,,,,0
473,,,,,,,,,,,,,,,,,,,,,,,,,,,,,,,,,,,,,,,,,,,,,,,,,,,,,0
474,,,,,,,,,,,,,,,,,,,,,,,,,,,,,,,,,,,,,,,,,,,,,,,,,,,,,0
475,,,,,,,,,,,,,,,,,,,,,,,,,,,,,,,,,,,,,,,,,,,,,,,,,,,,,0
476,,,,,,,,,,,,,,,,,,,,,,,,,,,,,,,,,,,,,,,,,,,,,,,,,,,,,0
477,,,,,,,,,,,,,,,,,,,,,,,,,,,,,,,,,,,,,,,,,,,,,,,,,,,,,0
478,,,,,,,,,,,,,,,,,,,,,,,,,,,,,,,,,,,,,,,,,,,,,,,,,,,,,0
479,,,,,,,,,,,,,,,,,,,,,,,,,,,,,,,,,,,,,,,,,,,,,,,,,,,,,0
480,,,,,,,,,,,,,,,,,,,,,,,,,,,,,,,,,,,,,,,,,,,,,,,,,,,,,0
481,,,,,,,,,,,,,,,,,,,,,,,,,,,,,,,,,,,,,,,,,,,,,,,,,,,,,0
482,,,,,,,,,,,,,,,,,,,,,,,,,,,,,,,,,,,,,,,,,,,,,,,,,,,,,0
483,,,,,,,,,,,,,,,,,,,,,,,,,,,,,,,,,,,,,,,,,,,,,,,,,,,,,0
484,,,,,,,,,,,,,,,,,,,,,,,,,,,,,,,,,,,,,,,,,,,,,,,,,,,,,0
485,,,,,,,,,,,,,,,,,,,,,,,,,,,,,,,,,,,,,,,,,,,,,,,,,,,,,0
486,,,,,,,,,,,,,,,,,,,,,,,,,,,,,,,,,,,,,,,,,,,,,,,,,,,,,0
487,,,,,,,,,,,,,,,,,,,,,,,,,,,,,,,,,,,,,,,,,,,,,,,,,,,,,0
488,,,,,,,,,,,,,,,,,,,,,,,,,,,,,,,,,,,,,,,,,,,,,,,,,,,,,0
489,,,,,,,,,,,,,,,,,,,,,,,,,,,,,,,,,,,,,,,,,,,,,,,,,,,,,0
490,,,,,,,,,,,,,,,,,,,,,,,,,,,,,,,,,,,,,,,,,,,,,,,,,,,,,0
491,,,,,,,,,,,,,,,,,,,,,,,,,,,,,,,,,,,,,,,,,,,,,,,,,,,,,0
492,,,,,,,,,,,,,,,,,,,,,,,,,,,,,,,,,,,,,,,,,,,,,,,,,,,,,0
493,,,,,,,,,,,,,,,,,,,,,,,,,,,,,,,,,,,,,,,,,,,,,,,,,,,,,0
494,,,,,,,,,,,,,,,,,,,,,,,,,,,,,,,,,,,,,,,,,,,,,,,,,,,,,0
495,,,,,,,,,,,,,,,,,,,,,,,,,,,,,,,,,,,,,,,,,,,,,,,,,,,,,0
496,,,,,,,,,,,,,,,,,,,,,,,,,,,,,,,,,,,,,,,,,,,,,,,,,,,,,0
497,,,,,,,,,,,,,,,,,,,,,,,,,,,,,,,,,,,,,,,,,,,,,,,,,,,,,0
498,,,,,,,,,,,,,,,,,,,,,,,,,,,,,,,,,,,,,,,,,,,,,,,,,,,,,0
499,,,,,,,,,,,,,,,,,,,,,,,,,,,,,,,,,,,,,,,,,,,,,,,,,,,,,0
500,,,,,,,,,,,,,,,,,,,,,,,,,,,,,,,,,,,,,,,,,,,,,,,,,,,,,0
501,,,,,,,,,,,,,,,,,,,,,,,,,,,,,,,,,,,,,,,,,,,,,,,,,,,,,0
502,,,,,,,,,,,,,,,,,,,,,,,,,,,,,,,,,,,,,,,,,,,,,,,,,,,,,0
503,,,,,,,,,,,,,,,,,,,,,,,,,,,,,,,,,,,,,,,,,,,,,,,,,,,,,0
504,,,,,,,,,,,,,,,,,,,,,,,,,,,,,,,,,,,,,,,,,,,,,,,,,,,,,0
505,,,,,,,,,,,,,,,,,,,,,,,,,,,,,,,,,,,,,,,,,,,,,,,,,,,,,0
506,,,,,,,,,,,,,,,,,,,,,,,,,,,,,,,,,,,,,,,,,,,,,,,,,,,,,0
507,,,,,,,,,,,,,,,,,,,,,,,,,,,,,,,,,,,,,,,,,,,,,,,,,,,,,0
508,,,,,,,,,,,,,,,,,,,,,,,,,,,,,,,,,,,,,,,,,,,,,,,,,,,,,0
509,,,,,,,,,,,,,,,,,,,,,,,,,,,,,,,,,,,,,,,,,,,,,,,,,,,,,0
510,,,,,,,,,,,,,,,,,,,,,,,,,,,,,,,,,,,,,,,,,,,,,,,,,,,,,0
511,,,,,,,,,,,,,,,,,,,,,,,,,,,,,,,,,,,,,,,,,,,,,,,,,,,,,0
512,,,,,,,,,,,,,,,,,,,,,,,,,,,,,,,,,,,,,,,,,,,,,,,,,,,,,0
513,,,,,,,,,,,,,,,,,,,,,,,,,,,,,,,,,,,,,,,,,,,,,,,,,,,,,0
514,,,,,,,,,,,,,,,,,,,,,,,,,,,,,,,,,,,,,,,,,,,,,,,,,,,,,0
515,,,,,,,,,,,,,,,,,,,,,,,,,,,,,,,,,,,,,,,,,,,,,,,,,,,,,0
516,,,,,,,,,,,,,,,,,,,,,,,,,,,,,,,,,,,,,,,,,,,,,,,,,,,,,0
517,,,,,,,,,,,,,,,,,,,,,,,,,,,,,,,,,,,,,,,,,,,,,,,,,,,,,0
518,,,,,,,,,,,,,,,,,,,,,,,,,,,,,,,,,,,,,,,,,,,,,,,,,,,,,0
519,,,,,,,,,,,,,,,,,,,,,,,,,,,,,,,,,,,,,,,,,,,,,,,,,,,,,0
520,,,,,,,,,,,,,,,,,,,,,,,,,,,,,,,,,,,,,,,,,,,,,,,,,,,,,0
521,,,,,,,,,,,,,,,,,,,,,,,,,,,,,,,,,,,,,,,,,,,,,,,,,,,,,0
522,,,,,,,,,,,,,,,,,,,,,,,,,,,,,,,,,,,,,,,,,,,,,,,,,,,,,0
523,,,,,,,,,,,,,,,,,,,,,,,,,,,,,,,,,,,,,,,,,,,,,,,,,,,,,0
524,,,,,,,,,,,,,,,,,,,,,,,,,,,,,,,,,,,,,,,,,,,,,,,,,,,,,0
525,,,,,,,,,,,,,,,,,,,,,,,,,,,,,,,,,,,,,,,,,,,,,,,,,,,,,0
526,,,,,,,,,,,,,,,,,,,,,,,,,,,,,,,,,,,,,,,,,,,,,,,,,,,,,0
527,,,,,,,,,,,,,,,,,,,,,,,,,,,,,,,,,,,,,,,,,,,,,,,,,,,,,0
528,,,,,,,,,,,,,,,,,,,,,,,,,,,,,,,,,,,,,,,,,,,,,,,,,,,,,0
529,,,,,,,,,,,,,,,,,,,,,,,,,,,,,,,,,,,,,,,,,,,,,,,,,,,,,0
530,,,,,,,,,,,,,,,,,,,,,,,,,,,,,,,,,,,,,,,,,,,,,,,,,,,,,0
531,,,,,,,,,,,,,,,,,,,,,,,,,,,,,,,,,,,,,,,,,,,,,,,,,,,,,0
532,,,,,,,,,,,,,,,,,,,,,,,,,,,,,,,,,,,,,,,,,,,,,,,,,,,,,0
533,,,,,,,,,,,,,,,,,,,,,,,,,,,,,,,,,,,,,,,,,,,,,,,,,,,,,0
534,,,,,,,,,,,,,,,,,,,,,,,,,,,,,,,,,,,,,,,,,,,,,,,,,,,,,0
535,,,,,,,,,,,,,,,,,,,,,,,,,,,,,,,,,,,,,,,,,,,,,,,,,,,,,0
536,,,,,,,,,,,,,,,,,,,,,,,,,,,,,,,,,,,,,,,,,,,,,,,,,,,,,0
537,,,,,,,,,,,,,,,,,,,,,,,,,,,,,,,,,,,,,,,,,,,,,,,,,,,,,0
538,,,,,,,,,,,,,,,,,,,,,,,,,,,,,,,,,,,,,,,,,,,,,,,,,,,,,0
539,,,,,,,,,,,,,,,,,,,,,,,,,,,,,,,,,,,,,,,,,,,,,,,,,,,,,0
540,,,,,,,,,,,,,,,,,,,,,,,,,,,,,,,,,,,,,,,,,,,,,,,,,,,,,0
541,,,,,,,,,,,,,,,,,,,,,,,,,,,,,,,,,,,,,,,,,,,,,,,,,,,,,0
542,,,,,,,,,,,,,,,,,,,,,,,,,,,,,,,,,,,,,,,,,,,,,,,,,,,,,0
543,,,,,,,,,,,,,,,,,,,,,,,,,,,,,,,,,,,,,,,,,,,,,,,,,,,,,0
544,,,,,,,,,,,,,,,,,,,,,,,,,,,,,,,,,,,,,,,,,,,,,,,,,,,,,0
545,,,,,,,,,,,,,,,,,,,,,,,,,,,,,,,,,,,,,,,,,,,,,,,,,,,,,0
546,,,,,,,,,,,,,,,,,,,,,,,,,,,,,,,,,,,,,,,,,,,,,,,,,,,,,0
547,,,,,,,,,,,,,,,,,,,,,,,,,,,,,,,,,,,,,,,,,,,,,,,,,,,,,0
548,,,,,,,,,,,,,,,,,,,,,,,,,,,,,,,,,,,,,,,,,,,,,,,,,,,,,0
549,,,,,,,,,,,,,,,,,,,,,,,,,,,,,,,,,,,,,,,,,,,,,,,,,,,,,0
550,,,,,,,,,,,,,,,,,,,,,,,,,,,,,,,,,,,,,,,,,,,,,,,,,,,,,0
551,,,,,,,,,,,,,,,,,,,,,,,,,,,,,,,,,,,,,,,,,,,,,,,,,,,,,0
552,,,,,,,,,,,,,,,,,,,,,,,,,,,,,,,,,,,,,,,,,,,,,,,,,,,,,0
553,,,,,,,,,,,,,,,,,,,,,,,,,,,,,,,,,,,,,,,,,,,,,,,,,,,,,0
554,,,,,,,,,,,,,,,,,,,,,,,,,,,,,,,,,,,,,,,,,,,,,,,,,,,,,0
555,,,,,,,,,,,,,,,,,,,,,,,,,,,,,,,,,,,,,,,,,,,,,,,,,,,,,0
556,,,,,,,,,,,,,,,,,,,,,,,,,,,,,,,,,,,,,,,,,,,,,,,,,,,,,0
557,,,,,,,,,,,,,,,,,,,,,,,,,,,,,,,,,,,,,,,,,,,,,,,,,,,,,0
558,,,,,,,,,,,,,,,,,,,,,,,,,,,,,,,,,,,,,,,,,,,,,,,,,,,,,0
559,,,,,,,,,,,,,,,,,,,,,,,,,,,,,,,,,,,,,,,,,,,,,,,,,,,,,0
560,,,,,,,,,,,,,,,,,,,,,,,,,,,,,,,,,,,,,,,,,,,,,,,,,,,,,0
561,,,,,,,,,,,,,,,,,,,,,,,,,,,,,,,,,,,,,,,,,,,,,,,,,,,,,0
562,,,,,,,,,,,,,,,,,,,,,,,,,,,,,,,,,,,,,,,,,,,,,,,,,,,,,0
563,,,,,,,,,,,,,,,,,,,,,,,,,,,,,,,,,,,,,,,,,,,,,,,,,,,,,0
564,,,,,,,,,,,,,,,,,,,,,,,,,,,,,,,,,,,,,,,,,,,,,,,,,,,,,0
565,,,,,,,,,,,,,,,,,,,,,,,,,,,,,,,,,,,,,,,,,,,,,,,,,,,,,0
566,,,,,,,,,,,,,,,,,,,,,,,,,,,,,,,,,,,,,,,,,,,,,,,,,,,,,0
567,,,,,,,,,,,,,,,,,,,,,,,,,,,,,,,,,,,,,,,,,,,,,,,,,,,,,0
568,,,,,,,,,,,,,,,,,,,,,,,,,,,,,,,,,,,,,,,,,,,,,,,,,,,,,0
569,,,,,,,,,,,,,,,,,,,,,,,,,,,,,,,,,,,,,,,,,,,,,,,,,,,,,0
570,,,,,,,,,,,,,,,,,,,,,,,,,,,,,,,,,,,,,,,,,,,,,,,,,,,,,0
571,,,,,,,,,,,,,,,,,,,,,,,,,,,,,,,,,,,,,,,,,,,,,,,,,,,,,0
572,,,,,,,,,,,,,,,,,,,,,,,,,,,,,,,,,,,,,,,,,,,,,,,,,,,,,0
573,,,,,,,,,,,,,,,,,,,,,,,,,,,,,,,,,,,,,,,,,,,,,,,,,,,,,0
574,,,,,,,,,,,,,,,,,,,,,,,,,,,,,,,,,,,,,,,,,,,,,,,,,,,,,0
575,,,,,,,,,,,,,,,,,,,,,,,,,,,,,,,,,,,,,,,,,,,,,,,,,,,,,0
576,,,,,,,,,,,,,,,,,,,,,,,,,,,,,,,,,,,,,,,,,,,,,,,,,,,,,0
577,,,,,,,,,,,,,,,,,,,,,,,,,,,,,,,,,,,,,,,,,,,,,,,,,,,,,0
578,,,,,,,,,,,,,,,,,,,,,,,,,,,,,,,,,,,,,,,,,,,,,,,,,,,,,0
579,,,,,,,,,,,,,,,,,,,,,,,,,,,,,,,,,,,,,,,,,,,,,,,,,,,,,0
580,,,,,,,,,,,,,,,,,,,,,,,,,,,,,,,,,,,,,,,,,,,,,,,,,,,,,0
581,,,,,,,,,,,,,,,,,,,,,,,,,,,,,,,,,,,,,,,,,,,,,,,,,,,,,0
582,,,,,,,,,,,,,,,,,,,,,,,,,,,,,,,,,,,,,,,,,,,,,,,,,,,,,0
583,,,,,,,,,,,,,,,,,,,,,,,,,,,,,,,,,,,,,,,,,,,,,,,,,,,,,0
584,,,,,,,,,,,,,,,,,,,,,,,,,,,,,,,,,,,,,,,,,,,,,,,,,,,,,0
585,,,,,,,,,,,,,,,,,,,,,,,,,,,,,,,,,,,,,,,,,,,,,,,,,,,,,0
586,,,,,,,,,,,,,,,,,,,,,,,,,,,,,,,,,,,,,,,,,,,,,,,,,,,,,0
587,,,,,,,,,,,,,,,,,,,,,,,,,,,,,,,,,,,,,,,,,,,,,,,,,,,,,0
588,,,,,,,,,,,,,,,,,,,,,,,,,,,,,,,,,,,,,,,,,,,,,,,,,,,,,0
589,,,,,,,,,,,,,,,,,,,,,,,,,,,,,,,,,,,,,,,,,,,,,,,,,,,,,0
590,,,,,,,,,,,,,,,,,,,,,,,,,,,,,,,,,,,,,,,,,,,,,,,,,,,,,0
591,,,,,,,,,,,,,,,,,,,,,,,,,,,,,,,,,,,,,,,,,,,,,,,,,,,,,0
592,,,,,,,,,,,,,,,,,,,,,,,,,,,,,,,,,,,,,,,,,,,,,,,,,,,,,0
593,,,,,,,,,,,,,,,,,,,,,,,,,,,,,,,,,,,,,,,,,,,,,,,,,,,,,0
594,,,,,,,,,,,,,,,,,,,,,,,,,,,,,,,,,,,,,,,,,,,,,,,,,,,,,0
595,,,,,,,,,,,,,,,,,,,,,,,,,,,,,,,,,,,,,,,,,,,,,,,,,,,,,0
596,,,,,,,,,,,,,,,,,,,,,,,,,,,,,,,,,,,,,,,,,,,,,,,,,,,,,0
597,,,,,,,,,,,,,,,,,,,,,,,,,,,,,,,,,,,,,,,,,,,,,,,,,,,,,0
598,,,,,,,,,,,,,,,,,,,,,,,,,,,,,,,,,,,,,,,,,,,,,,,,,,,,,0
599,,,,,,,,,,,,,,,,,,,,,,,,,,,,,,,,,,,,,,,,,,,,,,,,,,,,,0
600,,,,,,,,,,,,,,,,,,,,,,,,,,,,,,,,,,,,,,,,,,,,,,,,,,,,,0
601,,,,,,,,,,,,,,,,,,,,,,,,,,,,,,,,,,,,,,,,,,,,,,,,,,,,,0
602,,,,,,,,,,,,,,,,,,,,,,,,,,,,,,,,,,,,,,,,,,,,,,,,,,,,,0
603,,,,,,,,,,,,,,,,,,,,,,,,,,,,,,,,,,,,,,,,,,,,,,,,,,,,,0
604,,,,,,,,,,,,,,,,,,,,,,,,,,,,,,,,,,,,,,,,,,,,,,,,,,,,,0
605,,,,,,,,,,,,,,,,,,,,,,,,,,,,,,,,,,,,,,,,,,,,,,,,,,,,,0
606,,,,,,,,,,,,,,,,,,,,,,,,,,,,,,,,,,,,,,,,,,,,,,,,,,,,,0
607,,,,,,,,,,,,,,,,,,,,,,,,,,,,,,,,,,,,,,,,,,,,,,,,,,,,,0
608,,,,,,,,,,,,,,,,,,,,,,,,,,,,,,,,,,,,,,,,,,,,,,,,,,,,,0
609,,,,,,,,,,,,,,,,,,,,,,,,,,,,,,,,,,,,,,,,,,,,,,,,,,,,,0
610,,,,,,,,,,,,,,,,,,,,,,,,,,,,,,,,,,,,,,,,,,,,,,,,,,,,,0
611,,,,,,,,,,,,,,,,,,,,,,,,,,,,,,,,,,,,,,,,,,,,,,,,,,,,,0
612,,,,,,,,,,,,,,,,,,,,,,,,,,,,,,,,,,,,,,,,,,,,,,,,,,,,,0
613,,,,,,,,,,,,,,,,,,,,,,,,,,,,,,,,,,,,,,,,,,,,,,,,,,,,,0
614,,,,,,,,,,,,,,,,,,,,,,,,,,,,,,,,,,,,,,,,,,,,,,,,,,,,,0
615,,,,,,,,,,,,,,,,,,,,,,,,,,,,,,,,,,,,,,,,,,,,,,,,,,,,,0
616,,,,,,,,,,,,,,,,,,,,,,,,,,,,,,,,,,,,,,,,,,,,,,,,,,,,,0
617,,,,,,,,,,,,,,,,,,,,,,,,,,,,,,,,,,,,,,,,,,,,,,,,,,,,,0
618,,,,,,,,,,,,,,,,,,,,,,,,,,,,,,,,,,,,,,,,,,,,,,,,,,,,,0
619,,,,,,,,,,,,,,,,,,,,,,,,,,,,,,,,,,,,,,,,,,,,,,,,,,,,,0
620,,,,,,,,,,,,,,,,,,,,,,,,,,,,,,,,,,,,,,,,,,,,,,,,,,,,,0
621,,,,,,,,,,,,,,,,,,,,,,,,,,,,,,,,,,,,,,,,,,,,,,,,,,,,,0
622,,,,,,,,,,,,,,,,,,,,,,,,,,,,,,,,,,,,,,,,,,,,,,,,,,,,,0
623,,,,,,,,,,,,,,,,,,,,,,,,,,,,,,,,,,,,,,,,,,,,,,,,,,,,,0
624,,,,,,,,,,,,,,,,,,,,,,,,,,,,,,,,,,,,,,,,,,,,,,,,,,,,,0
625,,,,,,,,,,,,,,,,,,,,,,,,,,,,,,,,,,,,,,,,,,,,,,,,,,,,,0
626,,,,,,,,,,,,,,,,,,,,,,,,,,,,,,,,,,,,,,,,,,,,,,,,,,,,,0
627,,,,,,,,,,,,,,,,,,,,,,,,,,,,,,,,,,,,,,,,,,,,,,,,,,,,,0
628,,,,,,,,,,,,,,,,,,,,,,,,,,,,,,,,,,,,,,,,,,,,,,,,,,,,,0
629,,,,,,,,,,,,,,,,,,,,,,,,,,,,,,,,,,,,,,,,,,,,,,,,,,,,,0
630,,,,,,,,,,,,,,,,,,,,,,,,,,,,,,,,,,,,,,,,,,,,,,,,,,,,,0
631,,,,,,,,,,,,,,,,,,,,,,,,,,,,,,,,,,,,,,,,,,,,,,,,,,,,,0
632,,,,,,,,,,,,,,,,,,,,,,,,,,,,,,,,,,,,,,,,,,,,,,,,,,,,,0
633,,,,,,,,,,,,,,,,,,,,,,,,,,,,,,,,,,,,,,,,,,,,,,,,,,,,,0
634,,,,,,,,,,,,,,,,,,,,,,,,,,,,,,,,,,,,,,,,,,,,,,,,,,,,,0
635,,,,,,,,,,,,,,,,,,,,,,,,,,,,,,,,,,,,,,,,,,,,,,,,,,,,,0
636,,,,,,,,,,,,,,,,,,,,,,,,,,,,,,,,,,,,,,,,,,,,,,,,,,,,,0
637,,,,,,,,,,,,,,,,,,,,,,,,,,,,,,,,,,,,,,,,,,,,,,,,,,,,,0
638,,,,,,,,,,,,,,,,,,,,,,,,,,,,,,,,,,,,,,,,,,,,,,,,,,,,,0
639,,,,,,,,,,,,,,,,,,,,,,,,,,,,,,,,,,,,,,,,,,,,,,,,,,,,,0
640,,,,,,,,,,,,,,,,,,,,,,,,,,,,,,,,,,,,,,,,,,,,,,,,,,,,,0
641,,,,,,,,,,,,,,,,,,,,,,,,,,,,,,,,,,,,,,,,,,,,,,,,,,,,,0
642,,,,,,,,,,,,,,,,,,,,,,,,,,,,,,,,,,,,,,,,,,,,,,,,,,,,,0
643,,,,,,,,,,,,,,,,,,,,,,,,,,,,,,,,,,,,,,,,,,,,,,,,,,,,,0
644,,,,,,,,,,,,,,,,,,,,,,,,,,,,,,,,,,,,,,,,,,,,,,,,,,,,,0
645,,,,,,,,,,,,,,,,,,,,,,,,,,,,,,,,,,,,,,,,,,,,,,,,,,,,,0
646,,,,,,,,,,,,,,,,,,,,,,,,,,,,,,,,,,,,,,,,,,,,,,,,,,,,,0
647,,,,,,,,,,,,,,,,,,,,,,,,,,,,,,,,,,,,,,,,,,,,,,,,,,,,,0
648,,,,,,,,,,,,,,,,,,,,,,,,,,,,,,,,,,,,,,,,,,,,,,,,,,,,,0
649,,,,,,,,,,,,,,,,,,,,,,,,,,,,,,,,,,,,,,,,,,,,,,,,,,,,,0
650,,,,,,,,,,,,,,,,,,,,,,,,,,,,,,,,,,,,,,,,,,,,,,,,,,,,,0
651,,,,,,,,,,,,,,,,,,,,,,,,,,,,,,,,,,,,,,,,,,,,,,,,,,,,,0
652,,,,,,,,,,,,,,,,,,,,,,,,,,,,,,,,,,,,,,,,,,,,,,,,,,,,,0
653,,,,,,,,,,,,,,,,,,,,,,,,,,,,,,,,,,,,,,,,,,,,,,,,,,,,,0
654,,,,,,,,,,,,,,,,,,,,,,,,,,,,,,,,,,,,,,,,,,,,,,,,,,,,,0
655,,,,,,,,,,,,,,,,,,,,,,,,,,,,,,,,,,,,,,,,,,,,,,,,,,,,,0
656,,,,,,,,,,,,,,,,,,,,,,,,,,,,,,,,,,,,,,,,,,,,,,,,,,,,,0
657,,,,,,,,,,,,,,,,,,,,,,,,,,,,,,,,,,,,,,,,,,,,,,,,,,,,,0
658,,,,,,,,,,,,,,,,,,,,,,,,,,,,,,,,,,,,,,,,,,,,,,,,,,,,,0
659,,,,,,,,,,,,,,,,,,,,,,,,,,,,,,,,,,,,,,,,,,,,,,,,,,,,,0
660,,,,,,,,,,,,,,,,,,,,,,,,,,,,,,,,,,,,,,,,,,,,,,,,,,,,,0
661,,,,,,,,,,,,,,,,,,,,,,,,,,,,,,,,,,,,,,,,,,,,,,,,,,,,,0
662,,,,,,,,,,,,,,,,,,,,,,,,,,,,,,,,,,,,,,,,,,,,,,,,,,,,,0
663,,,,,,,,,,,,,,,,,,,,,,,,,,,,,,,,,,,,,,,,,,,,,,,,,,,,,0
664,,,,,,,,,,,,,,,,,,,,,,,,,,,,,,,,,,,,,,,,,,,,,,,,,,,,,0
665,,,,,,,,,,,,,,,,,,,,,,,,,,,,,,,,,,,,,,,,,,,,,,,,,,,,,0
666,,,,,,,,,,,,,,,,,,,,,,,,,,,,,,,,,,,,,,,,,,,,,,,,,,,,,0
667,,,,,,,,,,,,,,,,,,,,,,,,,,,,,,,,,,,,,,,,,,,,,,,,,,,,,0
668,,,,,,,,,,,,,,,,,,,,,,,,,,,,,,,,,,,,,,,,,,,,,,,,,,,,,0
669,,,,,,,,,,,,,,,,,,,,,,,,,,,,,,,,,,,,,,,,,,,,,,,,,,,,,0
670,,,,,,,,,,,,,,,,,,,,,,,,,,,,,,,,,,,,,,,,,,,,,,,,,,,,,0
671,,,,,,,,,,,,,,,,,,,,,,,,,,,,,,,,,,,,,,,,,,,,,,,,,,,,,0
672,,,,,,,,,,,,,,,,,,,,,,,,,,,,,,,,,,,,,,,,,,,,,,,,,,,,,0
673,,,,,,,,,,,,,,,,,,,,,,,,,,,,,,,,,,,,,,,,,,,,,,,,,,,,,0
674,,,,,,,,,,,,,,,,,,,,,,,,,,,,,,,,,,,,,,,,,,,,,,,,,,,,,0
675,,,,,,,,,,,,,,,,,,,,,,,,,,,,,,,,,,,,,,,,,,,,,,,,,,,,,0
676,,,,,,,,,,,,,,,,,,,,,,,,,,,,,,,,,,,,,,,,,,,,,,,,,,,,,0
677,,,,,,,,,,,,,,,,,,,,,,,,,,,,,,,,,,,,,,,,,,,,,,,,,,,,,0
678,,,,,,,,,,,,,,,,,,,,,,,,,,,,,,,,,,,,,,,,,,,,,,,,,,,,,0
679,,,,,,,,,,,,,,,,,,,,,,,,,,,,,,,,,,,,,,,,,,,,,,,,,,,,,0
680,,,,,,,,,,,,,,,,,,,,,,,,,,,,,,,,,,,,,,,,,,,,,,,,,,,,,0
681,,,,,,,,,,,,,,,,,,,,,,,,,,,,,,,,,,,,,,,,,,,,,,,,,,,,,0
682,,,,,,,,,,,,,,,,,,,,,,,,,,,,,,,,,,,,,,,,,,,,,,,,,,,,,0
683,,,,,,,,,,,,,,,,,,,,,,,,,,,,,,,,,,,,,,,,,,,,,,,,,,,,,0
684,,,,,,,,,,,,,,,,,,,,,,,,,,,,,,,,,,,,,,,,,,,,,,,,,,,,,0
685,,,,,,,,,,,,,,,,,,,,,,,,,,,,,,,,,,,,,,,,,,,,,,,,,,,,,0
686,,,,,,,,,,,,,,,,,,,,,,,,,,,,,,,,,,,,,,,,,,,,,,,,,,,,,0
687,,,,,,,,,,,,,,,,,,,,,,,,,,,,,,,,,,,,,,,,,,,,,,,,,,,,,0
688,,,,,,,,,,,,,,,,,,,,,,,,,,,,,,,,,,,,,,,,,,,,,,,,,,,,,0
689,,,,,,,,,,,,,,,,,,,,,,,,,,,,,,,,,,,,,,,,,,,,,,,,,,,,,0
690,,,,,,,,,,,,,,,,,,,,,,,,,,,,,,,,,,,,,,,,,,,,,,,,,,,,,0
691,,,,,,,,,,,,,,,,,,,,,,,,,,,,,,,,,,,,,,,,,,,,,,,,,,,,,0
692,,,,,,,,,,,,,,,,,,,,,,,,,,,,,,,,,,,,,,,,,,,,,,,,,,,,,0
693,,,,,,,,,,,,,,,,,,,,,,,,,,,,,,,,,,,,,,,,,,,,,,,,,,,,,0
694,,,,,,,,,,,,,,,,,,,,,,,,,,,,,,,,,,,,,,,,,,,,,,,,,,,,,0
695,,,,,,,,,,,,,,,,,,,,,,,,,,,,,,,,,,,,,,,,,,,,,,,,,,,,,0
696,,,,,,,,,,,,,,,,,,,,,,,,,,,,,,,,,,,,,,,,,,,,,,,,,,,,,0
697,,,,,,,,,,,,,,,,,,,,,,,,,,,,,,,,,,,,,,,,,,,,,,,,,,,,,0
698,,,,,,,,,,,,,,,,,,,,,,,,,,,,,,,,,,,,,,,,,,,,,,,,,,,,,0
699,,,,,,,,,,,,,,,,,,,,,,,,,,,,,,,,,,,,,,,,,,,,,,,,,,,,,0
700,,,,,,,,,,,,,,,,,,,,,,,,,,,,,,,,,,,,,,,,,,,,,,,,,,,,,0
701,,,,,,,,,,,,,,,,,,,,,,,,,,,,,,,,,,,,,,,,,,,,,,,,,,,,,0
702,,,,,,,,,,,,,,,,,,,,,,,,,,,,,,,,,,,,,,,,,,,,,,,,,,,,,0
703,,,,,,,,,,,,,,,,,,,,,,,,,,,,,,,,,,,,,,,,,,,,,,,,,,,,,0
704,,,,,,,,,,,,,,,,,,,,,,,,,,,,,,,,,,,,,,,,,,,,,,,,,,,,,0
705,,,,,,,,,,,,,,,,,,,,,,,,,,,,,,,,,,,,,,,,,,,,,,,,,,,,,0
706,,,,,,,,,,,,,,,,,,,,,,,,,,,,,,,,,,,,,,,,,,,,,,,,,,,,,0
707,,,,,,,,,,,,,,,,,,,,,,,,,,,,,,,,,,,,,,,,,,,,,,,,,,,,,0
708,,,,,,,,,,,,,,,,,,,,,,,,,,,,,,,,,,,,,,,,,,,,,,,,,,,,,0
709,,,,,,,,,,,,,,,,,,,,,,,,,,,,,,,,,,,,,,,,,,,,,,,,,,,,,0
710,,,,,,,,,,,,,,,,,,,,,,,,,,,,,,,,,,,,,,,,,,,,,,,,,,,,,0
711,,,,,,,,,,,,,,,,,,,,,,,,,,,,,,,,,,,,,,,,,,,,,,,,,,,,,0
712,,,,,,,,,,,,,,,,,,,,,,,,,,,,,,,,,,,,,,,,,,,,,,,,,,,,,0
713,,,,,,,,,,,,,,,,,,,,,,,,,,,,,,,,,,,,,,,,,,,,,,,,,,,,,0
714,,,,,,,,,,,,,,,,,,,,,,,,,,,,,,,,,,,,,,,,,,,,,,,,,,,,,0
715,,,,,,,,,,,,,,,,,,,,,,,,,,,,,,,,,,,,,,,,,,,,,,,,,,,,,0
716,,,,,,,,,,,,,,,,,,,,,,,,,,,,,,,,,,,,,,,,,,,,,,,,,,,,,0
717,,,,,,,,,,,,,,,,,,,,,,,,,,,,,,,,,,,,,,,,,,,,,,,,,,,,,0
718,,,,,,,,,,,,,,,,,,,,,,,,,,,,,,,,,,,,,,,,,,,,,,,,,,,,,0
719,,,,,,,,,,,,,,,,,,,,,,,,,,,,,,,,,,,,,,,,,,,,,,,,,,,,,0
720,,,,,,,,,,,,,,,,,,,,,,,,,,,,,,,,,,,,,,,,,,,,,,,,,,,,,0
721,,,,,,,,,,,,,,,,,,,,,,,,,,,,,,,,,,,,,,,,,,,,,,,,,,,,,0
722,,,,,,,,,,,,,,,,,,,,,,,,,,,,,,,,,,,,,,,,,,,,,,,,,,,,,0
723,,,,,,,,,,,,,,,,,,,,,,,,,,,,,,,,,,,,,,,,,,,,,,,,,,,,,0
724,,,,,,,,,,,,,,,,,,,,,,,,,,,,,,,,,,,,,,,,,,,,,,,,,,,,,0
725,,,,,,,,,,,,,,,,,,,,,,,,,,,,,,,,,,,,,,,,,,,,,,,,,,,,,0
726,,,,,,,,,,,,,,,,,,,,,,,,,,,,,,,,,,,,,,,,,,,,,,,,,,,,,0
727,,,,,,,,,,,,,,,,,,,,,,,,,,,,,,,,,,,,,,,,,,,,,,,,,,,,,0
728,,,,,,,,,,,,,,,,,,,,,,,,,,,,,,,,,,,,,,,,,,,,,,,,,,,,,0
729,,,,,,,,,,,,,,,,,,,,,,,,,,,,,,,,,,,,,,,,,,,,,,,,,,,,,0
730,,,,,,,,,,,,,,,,,,,,,,,,,,,,,,,,,,,,,,,,,,,,,,,,,,,,,0
731,,,,,,,,,,,,,,,,,,,,,,,,,,,,,,,,,,,,,,,,,,,,,,,,,,,,,0
732,,,,,,,,,,,,,,,,,,,,,,,,,,,,,,,,,,,,,,,,,,,,,,,,,,,,,0
733,,,,,,,,,,,,,,,,,,,,,,,,,,,,,,,,,,,,,,,,,,,,,,,,,,,,,0
734,,,,,,,,,,,,,,,,,,,,,,,,,,,,,,,,,,,,,,,,,,,,,,,,,,,,,0
735,,,,,,,,,,,,,,,,,,,,,,,,,,,,,,,,,,,,,,,,,,,,,,,,,,,,,0
736,,,,,,,,,,,,,,,,,,,,,,,,,,,,,,,,,,,,,,,,,,,,,,,,,,,,,0
737,,,,,,,,,,,,,,,,,,,,,,,,,,,,,,,,,,,,,,,,,,,,,,,,,,,,,0
738,,,,,,,,,,,,,,,,,,,,,,,,,,,,,,,,,,,,,,,,,,,,,,,,,,,,,0
739,,,,,,,,,,,,,,,,,,,,,,,,,,,,,,,,,,,,,,,,,,,,,,,,,,,,,0
740,,,,,,,,,,,,,,,,,,,,,,,,,,,,,,,,,,,,,,,,,,,,,,,,,,,,,0
741,,,,,,,,,,,,,,,,,,,,,,,,,,,,,,,,,,,,,,,,,,,,,,,,,,,,,0
742,,,,,,,,,,,,,,,,,,,,,,,,,,,,,,,,,,,,,,,,,,,,,,,,,,,,,0
743,,,,,,,,,,,,,,,,,,,,,,,,,,,,,,,,,,,,,,,,,,,,,,,,,,,,,0
744,,,,,,,,,,,,,,,,,,,,,,,,,,,,,,,,,,,,,,,,,,,,,,,,,,,,,0
745,,,,,,,,,,,,,,,,,,,,,,,,,,,,,,,,,,,,,,,,,,,,,,,,,,,,,0
746,,,,,,,,,,,,,,,,,,,,,,,,,,,,,,,,,,,,,,,,,,,,,,,,,,,,,0
747,,,,,,,,,,,,,,,,,,,,,,,,,,,,,,,,,,,,,,,,,,,,,,,,,,,,,0
748,,,,,,,,,,,,,,,,,,,,,,,,,,,,,,,,,,,,,,,,,,,,,,,,,,,,,0
749,,,,,,,,,,,,,,,,,,,,,,,,,,,,,,,,,,,,,,,,,,,,,,,,,,,,,0
750,,,,,,,,,,,,,,,,,,,,,,,,,,,,,,,,,,,,,,,,,,,,,,,,,,,,,0
751,,,,,,,,,,,,,,,,,,,,,,,,,,,,,,,,,,,,,,,,,,,,,,,,,,,,,0
752,,,,,,,,,,,,,,,,,,,,,,,,,,,,,,,,,,,,,,,,,,,,,,,,,,,,,0
753,,,,,,,,,,,,,,,,,,,,,,,,,,,,,,,,,,,,,,,,,,,,,,,,,,,,,0
754,,,,,,,,,,,,,,,,,,,,,,,,,,,,,,,,,,,,,,,,,,,,,,,,,,,,,0
755,,,,,,,,,,,,,,,,,,,,,,,,,,,,,,,,,,,,,,,,,,,,,,,,,,,,,0
756,,,,,,,,,,,,,,,,,,,,,,,,,,,,,,,,,,,,,,,,,,,,,,,,,,,,,0
757,,,,,,,,,,,,,,,,,,,,,,,,,,,,,,,,,,,,,,,,,,,,,,,,,,,,,0
758,,,,,,,,,,,,,,,,,,,,,,,,,,,,,,,,,,,,,,,,,,,,,,,,,,,,,0
759,,,,,,,,,,,,,,,,,,,,,,,,,,,,,,,,,,,,,,,,,,,,,,,,,,,,,0
760,,,,,,,,,,,,,,,,,,,,,,,,,,,,,,,,,,,,,,,,,,,,,,,,,,,,,0
761,,,,,,,,,,,,,,,,,,,,,,,,,,,,,,,,,,,,,,,,,,,,,,,,,,,,,0
762,,,,,,,,,,,,,,,,,,,,,,,,,,,,,,,,,,,,,,,,,,,,,,,,,,,,,0
763,,,,,,,,,,,,,,,,,,,,,,,,,,,,,,,,,,,,,,,,,,,,,,,,,,,,,0
764,,,,,,,,,,,,,,,,,,,,,,,,,,,,,,,,,,,,,,,,,,,,,,,,,,,,,0
765,,,,,,,,,,,,,,,,,,,,,,,,,,,,,,,,,,,,,,,,,,,,,,,,,,,,,0
766,,,,,,,,,,,,,,,,,,,,,,,,,,,,,,,,,,,,,,,,,,,,,,,,,,,,,0
767,,,,,,,,,,,,,,,,,,,,,,,,,,,,,,,,,,,,,,,,,,,,,,,,,,,,,0
768,,,,,,,,,,,,,,,,,,,,,,,,,,,,,,,,,,,,,,,,,,,,,,,,,,,,,0
769,,,,,,,,,,,,,,,,,,,,,,,,,,,,,,,,,,,,,,,,,,,,,,,,,,,,,0
770,,,,,,,,,,,,,,,,,,,,,,,,,,,,,,,,,,,,,,,,,,,,,,,,,,,,,0
771,,,,,,,,,,,,,,,,,,,,,,,,,,,,,,,,,,,,,,,,,,,,,,,,,,,,,0
772,,,,,,,,,,,,,,,,,,,,,,,,,,,,,,,,,,,,,,,,,,,,,,,,,,,,,0
773,,,,,,,,,,,,,,,,,,,,,,,,,,,,,,,,,,,,,,,,,,,,,,,,,,,,,0
774,,,,,,,,,,,,,,,,,,,,,,,,,,,,,,,,,,,,,,,,,,,,,,,,,,,,,0
775,,,,,,,,,,,,,,,,,,,,,,,,,,,,,,,,,,,,,,,,,,,,,,,,,,,,,0
776,,,,,,,,,,,,,,,,,,,,,,,,,,,,,,,,,,,,,,,,,,,,,,,,,,,,,0
777,,,,,,,,,,,,,,,,,,,,,,,,,,,,,,,,,,,,,,,,,,,,,,,,,,,,,0
778,,,,,,,,,,,,,,,,,,,,,,,,,,,,,,,,,,,,,,,,,,,,,,,,,,,,,0
779,,,,,,,,,,,,,,,,,,,,,,,,,,,,,,,,,,,,,,,,,,,,,,,,,,,,,0
780,,,,,,,,,,,,,,,,,,,,,,,,,,,,,,,,,,,,,,,,,,,,,,,,,,,,,0
781,,,,,,,,,,,,,,,,,,,,,,,,,,,,,,,,,,,,,,,,,,,,,,,,,,,,,0
782,,,,,,,,,,,,,,,,,,,,,,,,,,,,,,,,,,,,,,,,,,,,,,,,,,,,,0
783,,,,,,,,,,,,,,,,,,,,,,,,,,,,,,,,,,,,,,,,,,,,,,,,,,,,,0
784,,,,,,,,,,,,,,,,,,,,,,,,,,,,,,,,,,,,,,,,,,,,,,,,,,,,,0
785,,,,,,,,,,,,,,,,,,,,,,,,,,,,,,,,,,,,,,,,,,,,,,,,,,,,,0
786,,,,,,,,,,,,,,,,,,,,,,,,,,,,,,,,,,,,,,,,,,,,,,,,,,,,,0
787,,,,,,,,,,,,,,,,,,,,,,,,,,,,,,,,,,,,,,,,,,,,,,,,,,,,,0
788,,,,,,,,,,,,,,,,,,,,,,,,,,,,,,,,,,,,,,,,,,,,,,,,,,,,,0
789,,,,,,,,,,,,,,,,,,,,,,,,,,,,,,,,,,,,,,,,,,,,,,,,,,,,,0
790,,,,,,,,,,,,,,,,,,,,,,,,,,,,,,,,,,,,,,,,,,,,,,,,,,,,,0
791,,,,,,,,,,,,,,,,,,,,,,,,,,,,,,,,,,,,,,,,,,,,,,,,,,,,,0
792,,,,,,,,,,,,,,,,,,,,,,,,,,,,,,,,,,,,,,,,,,,,,,,,,,,,,0
793,,,,,,,,,,,,,,,,,,,,,,,,,,,,,,,,,,,,,,,,,,,,,,,,,,,,,0
794,,,,,,,,,,,,,,,,,,,,,,,,,,,,,,,,,,,,,,,,,,,,,,,,,,,,,0
795,,,,,,,,,,,,,,,,,,,,,,,,,,,,,,,,,,,,,,,,,,,,,,,,,,,,,0
796,,,,,,,,,,,,,,,,,,,,,,,,,,,,,,,,,,,,,,,,,,,,,,,,,,,,,0
797,,,,,,,,,,,,,,,,,,,,,,,,,,,,,,,,,,,,,,,,,,,,,,,,,,,,,0
798,,,,,,,,,,,,,,,,,,,,,,,,,,,,,,,,,,,,,,,,,,,,,,,,,,,,,0
799,,,,,,,,,,,,,,,,,,,,,,,,,,,,,,,,,,,,,,,,,,,,,,,,,,,,,0
800,,,,,,,,,,,,,,,,,,,,,,,,,,,,,,,,,,,,,,,,,,,,,,,,,,,,,0
801,,,,,,,,,,,,,,,,,,,,,,,,,,,,,,,,,,,,,,,,,,,,,,,,,,,,,0
802,,,,,,,,,,,,,,,,,,,,,,,,,,,,,,,,,,,,,,,,,,,,,,,,,,,,,0
803,,,,,,,,,,,,,,,,,,,,,,,,,,,,,,,,,,,,,,,,,,,,,,,,,,,,,0
804,,,,,,,,,,,,,,,,,,,,,,,,,,,,,,,,,,,,,,,,,,,,,,,,,,,,,0
805,,,,,,,,,,,,,,,,,,,,,,,,,,,,,,,,,,,,,,,,,,,,,,,,,,,,,0
806,,,,,,,,,,,,,,,,,,,,,,,,,,,,,,,,,,,,,,,,,,,,,,,,,,,,,0
807,,,,,,,,,,,,,,,,,,,,,,,,,,,,,,,,,,,,,,,,,,,,,,,,,,,,,0
808,,,,,,,,,,,,,,,,,,,,,,,,,,,,,,,,,,,,,,,,,,,,,,,,,,,,,0
809,,,,,,,,,,,,,,,,,,,,,,,,,,,,,,,,,,,,,,,,,,,,,,,,,,,,,0
810,,,,,,,,,,,,,,,,,,,,,,,,,,,,,,,,,,,,,,,,,,,,,,,,,,,,,0
811,,,,,,,,,,,,,,,,,,,,,,,,,,,,,,,,,,,,,,,,,,,,,,,,,,,,,0
812,,,,,,,,,,,,,,,,,,,,,,,,,,,,,,,,,,,,,,,,,,,,,,,,,,,,,0
813,,,,,,,,,,,,,,,,,,,,,,,,,,,,,,,,,,,,,,,,,,,,,,,,,,,,,0
814,,,,,,,,,,,,,,,,,,,,,,,,,,,,,,,,,,,,,,,,,,,,,,,,,,,,,0
815,,,,,,,,,,,,,,,,,,,,,,,,,,,,,,,,,,,,,,,,,,,,,,,,,,,,,0
816,,,,,,,,,,,,,,,,,,,,,,,,,,,,,,,,,,,,,,,,,,,,,,,,,,,,,0
817,,,,,,,,,,,,,,,,,,,,,,,,,,,,,,,,,,,,,,,,,,,,,,,,,,,,,0
818,,,,,,,,,,,,,,,,,,,,,,,,,,,,,,,,,,,,,,,,,,,,,,,,,,,,,0
819,,,,,,,,,,,,,,,,,,,,,,,,,,,,,,,,,,,,,,,,,,,,,,,,,,,,,0
820,,,,,,,,,,,,,,,,,,,,,,,,,,,,,,,,,,,,,,,,,,,,,,,,,,,,,0
821,,,,,,,,,,,,,,,,,,,,,,,,,,,,,,,,,,,,,,,,,,,,,,,,,,,,,0
822,,,,,,,,,,,,,,,,,,,,,,,,,,,,,,,,,,,,,,,,,,,,,,,,,,,,,0
823,,,,,,,,,,,,,,,,,,,,,,,,,,,,,,,,,,,,,,,,,,,,,,,,,,,,,0
824,,,,,,,,,,,,,,,,,,,,,,,,,,,,,,,,,,,,,,,,,,,,,,,,,,,,,0
825,,,,,,,,,,,,,,,,,,,,,,,,,,,,,,,,,,,,,,,,,,,,,,,,,,,,,0
826,,,,,,,,,,,,,,,,,,,,,,,,,,,,,,,,,,,,,,,,,,,,,,,,,,,,,0
827,,,,,,,,,,,,,,,,,,,,,,,,,,,,,,,,,,,,,,,,,,,,,,,,,,,,,0
828,,,,,,,,,,,,,,,,,,,,,,,,,,,,,,,,,,,,,,,,,,,,,,,,,,,,,0
829,,,,,,,,,,,,,,,,,,,,,,,,,,,,,,,,,,,,,,,,,,,,,,,,,,,,,0
830,,,,,,,,,,,,,,,,,,,,,,,,,,,,,,,,,,,,,,,,,,,,,,,,,,,,,0
831,,,,,,,,,,,,,,,,,,,,,,,,,,,,,,,,,,,,,,,,,,,,,,,,,,,,,0
832,,,,,,,,,,,,,,,,,,,,,,,,,,,,,,,,,,,,,,,,,,,,,,,,,,,,,0
833,,,,,,,,,,,,,,,,,,,,,,,,,,,,,,,,,,,,,,,,,,,,,,,,,,,,,0
834,,,,,,,,,,,,,,,,,,,,,,,,,,,,,,,,,,,,,,,,,,,,,,,,,,,,,0
835,,,,,,,,,,,,,,,,,,,,,,,,,,,,,,,,,,,,,,,,,,,,,,,,,,,,,0
836,,,,,,,,,,,,,,,,,,,,,,,,,,,,,,,,,,,,,,,,,,,,,,,,,,,,,0
837,,,,,,,,,,,,,,,,,,,,,,,,,,,,,,,,,,,,,,,,,,,,,,,,,,,,,0
838,,,,,,,,,,,,,,,,,,,,,,,,,,,,,,,,,,,,,,,,,,,,,,,,,,,,,0
839,,,,,,,,,,,,,,,,,,,,,,,,,,,,,,,,,,,,,,,,,,,,,,,,,,,,,0
840,,,,,,,,,,,,,,,,,,,,,,,,,,,,,,,,,,,,,,,,,,,,,,,,,,,,,0
841,,,,,,,,,,,,,,,,,,,,,,,,,,,,,,,,,,,,,,,,,,,,,,,,,,,,,0
842,,,,,,,,,,,,,,,,,,,,,,,,,,,,,,,,,,,,,,,,,,,,,,,,,,,,,0
843,,,,,,,,,,,,,,,,,,,,,,,,,,,,,,,,,,,,,,,,,,,,,,,,,,,,,0
844,,,,,,,,,,,,,,,,,,,,,,,,,,,,,,,,,,,,,,,,,,,,,,,,,,,,,0
845,,,,,,,,,,,,,,,,,,,,,,,,,,,,,,,,,,,,,,,,,,,,,,,,,,,,,0
846,,,,,,,,,,,,,,,,,,,,,,,,,,,,,,,,,,,,,,,,,,,,,,,,,,,,,0
847,,,,,,,,,,,,,,,,,,,,,,,,,,,,,,,,,,,,,,,,,,,,,,,,,,,,,0
848,,,,,,,,,,,,,,,,,,,,,,,,,,,,,,,,,,,,,,,,,,,,,,,,,,,,,0
849,,,,,,,,,,,,,,,,,,,,,,,,,,,,,,,,,,,,,,,,,,,,,,,,,,,,,0
850,,,,,,,,,,,,,,,,,,,,,,,,,,,,,,,,,,,,,,,,,,,,,,,,,,,,,0
851,,,,,,,,,,,,,,,,,,,,,,,,,,,,,,,,,,,,,,,,,,,,,,,,,,,,,0
852,,,,,,,,,,,,,,,,,,,,,,,,,,,,,,,,,,,,,,,,,,,,,,,,,,,,,0
853,,,,,,,,,,,,,,,,,,,,,,,,,,,,,,,,,,,,,,,,,,,,,,,,,,,,,0
854,,,,,,,,,,,,,,,,,,,,,,,,,,,,,,,,,,,,,,,,,,,,,,,,,,,,,0
855,,,,,,,,,,,,,,,,,,,,,,,,,,,,,,,,,,,,,,,,,,,,,,,,,,,,,0
856,,,,,,,,,,,,,,,,,,,,,,,,,,,,,,,,,,,,,,,,,,,,,,,,,,,,,0
857,,,,,,,,,,,,,,,,,,,,,,,,,,,,,,,,,,,,,,,,,,,,,,,,,,,,,0
858,,,,,,,,,,,,,,,,,,,,,,,,,,,,,,,,,,,,,,,,,,,,,,,,,,,,,0
859,,,,,,,,,,,,,,,,,,,,,,,,,,,,,,,,,,,,,,,,,,,,,,,,,,,,,0
860,,,,,,,,,,,,,,,,,,,,,,,,,,,,,,,,,,,,,,,,,,,,,,,,,,,,,0
861,,,,,,,,,,,,,,,,,,,,,,,,,,,,,,,,,,,,,,,,,,,,,,,,,,,,,0
862,,,,,,,,,,,,,,,,,,,,,,,,,,,,,,,,,,,,,,,,,,,,,,,,,,,,,0
863,,,,,,,,,,,,,,,,,,,,,,,,,,,,,,,,,,,,,,,,,,,,,,,,,,,,,0
864,,,,,,,,,,,,,,,,,,,,,,,,,,,,,,,,,,,,,,,,,,,,,,,,,,,,,0
865,,,,,,,,,,,,,,,,,,,,,,,,,,,,,,,,,,,,,,,,,,,,,,,,,,,,,0
866,,,,,,,,,,,,,,,,,,,,,,,,,,,,,,,,,,,,,,,,,,,,,,,,,,,,,0
867,,,,,,,,,,,,,,,,,,,,,,,,,,,,,,,,,,,,,,,,,,,,,,,,,,,,,0
868,,,,,,,,,,,,,,,,,,,,,,,,,,,,,,,,,,,,,,,,,,,,,,,,,,,,,0
869,,,,,,,,,,,,,,,,,,,,,,,,,,,,,,,,,,,,,,,,,,,,,,,,,,,,,0
870,,,,,,,,,,,,,,,,,,,,,,,,,,,,,,,,,,,,,,,,,,,,,,,,,,,,,0
871,,,,,,,,,,,,,,,,,,,,,,,,,,,,,,,,,,,,,,,,,,,,,,,,,,,,,0
872,,,,,,,,,,,,,,,,,,,,,,,,,,,,,,,,,,,,,,,,,,,,,,,,,,,,,0
873,,,,,,,,,,,,,,,,,,,,,,,,,,,,,,,,,,,,,,,,,,,,,,,,,,,,,0
874,,,,,,,,,,,,,,,,,,,,,,,,,,,,,,,,,,,,,,,,,,,,,,,,,,,,,0
875,,,,,,,,,,,,,,,,,,,,,,,,,,,,,,,,,,,,,,,,,,,,,,,,,,,,,0
876,,,,,,,,,,,,,,,,,,,,,,,,,,,,,,,,,,,,,,,,,,,,,,,,,,,,,0
877,,,,,,,,,,,,,,,,,,,,,,,,,,,,,,,,,,,,,,,,,,,,,,,,,,,,,0
878,,,,,,,,,,,,,,,,,,,,,,,,,,,,,,,,,,,,,,,,,,,,,,,,,,,,,0
879,,,,,,,,,,,,,,,,,,,,,,,,,,,,,,,,,,,,,,,,,,,,,,,,,,,,,0
880,,,,,,,,,,,,,,,,,,,,,,,,,,,,,,,,,,,,,,,,,,,,,,,,,,,,,0
881,,,,,,,,,,,,,,,,,,,,,,,,,,,,,,,,,,,,,,,,,,,,,,,,,,,,,0
882,,,,,,,,,,,,,,,,,,,,,,,,,,,,,,,,,,,,,,,,,,,,,,,,,,,,,0
883,,,,,,,,,,,,,,,,,,,,,,,,,,,,,,,,,,,,,,,,,,,,,,,,,,,,,0
884,,,,,,,,,,,,,,,,,,,,,,,,,,,,,,,,,,,,,,,,,,,,,,,,,,,,,0
885,,,,,,,,,,,,,,,,,,,,,,,,,,,,,,,,,,,,,,,,,,,,,,,,,,,,,0
886,,,,,,,,,,,,,,,,,,,,,,,,,,,,,,,,,,,,,,,,,,,,,,,,,,,,,0
887,,,,,,,,,,,,,,,,,,,,,,,,,,,,,,,,,,,,,,,,,,,,,,,,,,,,,0
888,,,,,,,,,,,,,,,,,,,,,,,,,,,,,,,,,,,,,,,,,,,,,,,,,,,,,0
889,,,,,,,,,,,,,,,,,,,,,,,,,,,,,,,,,,,,,,,,,,,,,,,,,,,,,0
890,,,,,,,,,,,,,,,,,,,,,,,,,,,,,,,,,,,,,,,,,,,,,,,,,,,,,0
891,,,,,,,,,,,,,,,,,,,,,,,,,,,,,,,,,,,,,,,,,,,,,,,,,,,,,0
892,,,,,,,,,,,,,,,,,,,,,,,,,,,,,,,,,,,,,,,,,,,,,,,,,,,,,0
893,,,,,,,,,,,,,,,,,,,,,,,,,,,,,,,,,,,,,,,,,,,,,,,,,,,,,0
894,,,,,,,,,,,,,,,,,,,,,,,,,,,,,,,,,,,,,,,,,,,,,,,,,,,,,0
895,,,,,,,,,,,,,,,,,,,,,,,,,,,,,,,,,,,,,,,,,,,,,,,,,,,,,0
896,,,,,,,,,,,,,,,,,,,,,,,,,,,,,,,,,,,,,,,,,,,,,,,,,,,,,0
897,,,,,,,,,,,,,,,,,,,,,,,,,,,,,,,,,,,,,,,,,,,,,,,,,,,,,0
898,,,,,,,,,,,,,,,,,,,,,,,,,,,,,,,,,,,,,,,,,,,,,,,,,,,,,0
899,,,,,,,,,,,,,,,,,,,,,,,,,,,,,,,,,,,,,,,,,,,,,,,,,,,,,0
900,,,,,,,,,,,,,,,,,,,,,,,,,,,,,,,,,,,,,,,,,,,,,,,,,,,,,0
