1,447.125,442.125,5,-RPT,FM,AA0BF,TONE ENC,103.5 Hz,023,1500 Hz,HIGH,OFF,12.5KHz,0,"Fairplay - Sacramento Mountain",0
2,448.3,443.3,5,-RPT,FM,AA0L,TONE ENC,100.0 Hz,023,1500 Hz,HIGH,OFF,12.5KHz,0,"Colorado Springs",0
3,147.135,147.735,0.6,+RPT,FM,AA0L,TONE ENC,100.0 Hz,023,1500 Hz,HIGH,OFF,12.5KHz,0,"Colorado Springs",0
4,147.18,147.78,0.6,+RPT,FM,AA0SP,TONE ENC,100.0 Hz,023,1500 Hz,HIGH,OFF,12.5KHz,0,"Colorado Springs - Almagre Mountain",0
5,146.895,146.295,0.6,-RPT,FM,AB0PC,TONE ENC,100.0 Hz,023,1500 Hz,HIGH,OFF,12.5KHz,0,"Bailey - Dick Mountain",0
6,147.09,147.69,0.6,+RPT,FM,AB0PC,TONE ENC,100.0 Hz,023,1500 Hz,HIGH,OFF,12.5KHz,0,"Fairplay - Beaver Ridge",0
7,447.8,442.8,5,-RPT,FM,AD0RM,TONE ENC,141.3 Hz,023,1500 Hz,HIGH,OFF,12.5KHz,0,"Ridgway - Log Hill",0
8,447.775,442.775,5,-RPT,FM,AD0TP,TONE ENC,156.7 Hz,023,1500 Hz,HIGH,OFF,12.5KHz,0,"Colorado Springs",0
9,146.79,146.19,0.6,-RPT,FM,AE0LE,OFF,88.5 Hz,023,1500 Hz,HIGH,OFF,12.5KHz,0,"Wray",0
10,146.445,146.44500,0,OFF,FM,AG0N,TONE ENC,88.5 Hz,023,1500 Hz,HIGH,OFF,12.5KHz,0,"Scottsbluff",0
11,447.375,442.375,5,-RPT,FM,K0ATP,TONE ENC,114.8 Hz,023,1500 Hz,HIGH,OFF,12.5KHz,0,"Parker",0
12,449.675,444.675,5,-RPT,FM,K0CGQ,TONE ENC,88.5 Hz,023,1500 Hz,HIGH,OFF,12.5KHz,0,"Querida",0
13,146.67,146.07,0.6,-RPT,FM,K0CL,TONE ENC,107.2 Hz,023,1500 Hz,HIGH,OFF,12.5KHz,0,"Snowmass Village",0
14,449.725,444.725,5,-RPT,FM,K0ELK,TONE ENC,179.9 Hz,023,1500 Hz,HIGH,OFF,12.5KHz,0,"Carbondale - Four Mile Ridge",0
15,146.76,146.16,0.6,-RPT,FM,K0ESD,TONE ENC,107.2 Hz,023,1500 Hz,HIGH,OFF,12.5KHz,0,"Colorado Springs - Cheyenne Mountain",0
16,146.97,146.37,0.6,-RPT,FM,K0ESD,TONE ENC,100.0 Hz,023,1500 Hz,HIGH,OFF,12.5KHz,0,"Colorado Springs - Pikes Peak",0
17,448.45,443.45,5,-RPT,FM,K0ESD,TONE ENC,100.0 Hz,023,1500 Hz,HIGH,OFF,12.5KHz,0,"Colorado Springs - Pikes Peak",0
18,447.925,442.925,5,-RPT,FM,K0FEZ,TONE ENC,100.0 Hz,023,1500 Hz,HIGH,OFF,12.5KHz,0,"Denver",0
19,146.985,146.385,0.6,-RPT,FM,K0FEZ,TONE ENC,100.0 Hz,023,1500 Hz,HIGH,OFF,12.5KHz,0,"Golden - Centennial Cone",0
20,447.2,442.2,5,-RPT,FM,K0FNL,TONE ENC,82.5 Hz,023,1500 Hz,HIGH,OFF,12.5KHz,0,"Severance - Cactus Hill",0
21,448.85,443.85,5,-RPT,FM,K0IBM,TONE ENC,88.5 Hz,023,1500 Hz,HIGH,OFF,12.5KHz,0,"Golden - Guy Hill",0
22,146.91,146.31,0.6,-RPT,FM,K0IRP,TONE ENC,151.4 Hz,023,1500 Hz,HIGH,OFF,12.5KHz,0,"Colorado Springs",0
23,447.35,442.35,5,-RPT,FM,K0IRP,TONE ENC,151.4 Hz,023,1500 Hz,HIGH,OFF,12.5KHz,0,"Colorado Springs",0
24,447.975,442.975,5,-RPT,FM,K0JSC,TONE ENC,100.0 Hz,023,1500 Hz,HIGH,OFF,12.5KHz,0,"Canon City - Colorado",0
25,447.275,442.275,5,-RPT,FM,K0JSC,TONE ENC,100.0 Hz,023,1500 Hz,HIGH,OFF,12.5KHz,0,"Pueblo - Metro",0
26,447.25,442.25,5,-RPT,FM,K0JSC,TONE ENC,100.0 Hz,023,1500 Hz,HIGH,OFF,12.5KHz,0,"Canon City - Fremont Peak",0
27,448.325,443.325,5,-RPT,FM,K0JSC,TONE ENC,100.0 Hz,023,1500 Hz,HIGH,OFF,12.5KHz,0,"Westcliffe",0
28,147.045,147.645,0.6,+RPT,FM,K0ML,TONE ENC,123.0 Hz,023,1500 Hz,HIGH,OFF,12.5KHz,0,"Northglenn",0
29,447.725,442.725,5,-RPT,FM,K0NR,TONE ENC,100.0 Hz,023,1500 Hz,HIGH,OFF,12.5KHz,0,"Hartsel - Trout Creek Pass",0
30,449.725,444.725,5,-RPT,FM,K0OJ,TONE ENC,127.3 Hz,023,1500 Hz,HIGH,OFF,12.5KHz,0,"Greeley - UNC",0
31,147.165,147.765,0.6,+RPT,FM,K0PRA,TONE ENC,123.0 Hz,023,1500 Hz,HIGH,OFF,12.5KHz,0,"Idaho Springs - Middle Squaw Mountain",0
32,448.775,443.775,5,-RPT,FM,K0PWO,TONE ENC,123.0 Hz,023,1500 Hz,HIGH,OFF,12.5KHz,0,"Elizabeth - Elbert County",0
33,146.61,146.01,0.6,-RPT,FM,K0RV,TONE ENC,107.2 Hz,023,1500 Hz,HIGH,OFF,12.5KHz,0,"Vail - Bald Mountain",0
34,447.6,442.6,5,-RPT,FM,K0RV,OFF,88.5 Hz,023,1500 Hz,HIGH,OFF,12.5KHz,0,"Glenwood Springs",0
35,449.625,444.625,5,-RPT,FM,K0SLV,TONE ENC,94.8 Hz,023,1500 Hz,HIGH,OFF,12.5KHz,0,"Monte Vista",0
36,447.075,442.075,5,-RPT,FM,K0SLV,TONE ENC,94.8 Hz,023,1500 Hz,HIGH,OFF,12.5KHz,0,"Alamosa",0
37,147.39,147.99,0.6,+RPT,FM,K0SNO,TONE ENC,107.2 Hz,023,1500 Hz,HIGH,OFF,12.5KHz,0,"Carbondale - Four Mile Ridge",0
38,146.655,146.055,0.6,-RPT,FM,K0ST,TONE ENC,123.0 Hz,023,1500 Hz,HIGH,OFF,12.5KHz,0,"Pueblo - Pueblo",0
39,449.25,444.25,5,-RPT,FM,K0UPS,TONE ENC,123.0 Hz,023,1500 Hz,HIGH,OFF,12.5KHz,0,"Cedar Point",0
40,447.15,442.15,5,-RPT,FM,K0VQ,TONE ENC,136.5 Hz,023,1500 Hz,HIGH,OFF,12.5KHz,0,"Carbondale - Missouri Heights",0
41,449.45,444.45,5,-RPT,FM,K1DUN,TONE ENC,103.5 Hz,023,1500 Hz,HIGH,OFF,12.5KHz,0,"Idaho Springs - Squaw Mountain",0
42,448.725,443.725,5,-RPT,FM,KA0TTF,TONE ENC,123.0 Hz,023,1500 Hz,HIGH,OFF,12.5KHz,0,"Colorado Springs - Fillmore Hill",0
43,145.49,144.89,0.6,-RPT,FM,KA0WUX,OFF,88.5 Hz,023,1500 Hz,HIGH,OFF,12.5KHz,0,"Haigler",0
44,146.82,146.22,0.6,-RPT,FM,KA0YDW,TONE ENC,123.0 Hz,023,1500 Hz,HIGH,OFF,12.5KHz,0,"Granby",0
45,449.325,444.325,5,-RPT,FM,KA4EPS,TONE ENC,103.5 Hz,023,1500 Hz,HIGH,OFF,12.5KHz,0,"Woodland Park - Paradise Pines",0
46,145.265,144.665,0.6,-RPT,FM,KB0SRJ,TONE ENC,100.0 Hz,023,1500 Hz,HIGH,OFF,12.5KHz,0,"Colorado Springs - ~2 mi ENE USAFA North Gate",0
47,448.8,443.8,5,-RPT,FM,KB0SRJ,TONE ENC,100.0 Hz,023,1500 Hz,HIGH,OFF,12.5KHz,0,"Colorado Springs - ~2 mi ENE USAFA North Gate",0
48,449,444,5,-RPT,FM,KB0SW,OFF,88.5 Hz,023,1500 Hz,HIGH,OFF,12.5KHz,0,"Grand Junction",0
49,449.5,444.5,5,-RPT,FM,KB0SW,TONE ENC,107.2 Hz,023,1500 Hz,HIGH,OFF,12.5KHz,0,"Collbran",0
50,447,442,5,-RPT,FM,KB0SW,TONE ENC,107.2 Hz,023,1500 Hz,HIGH,OFF,12.5KHz,0,"Loma - Baxter Pass",0
51,147.06,147.66,0.6,+RPT,FM,KB0TUC,TONE ENC,77.0 Hz,023,1500 Hz,HIGH,OFF,12.5KHz,0,"Westcliffe",0
52,448.15,443.15,5,-RPT,FM,KB0TUC,TONE ENC,103.5 Hz,023,1500 Hz,HIGH,OFF,12.5KHz,0,"Westcliffe",0
53,145.4,144.8,0.6,-RPT,FM,KB0UDD,TONE ENC,100.0 Hz,023,1500 Hz,HIGH,OFF,12.5KHz,0,"Aurora - Smoky Hill",0
54,146.67,146.07,0.6,-RPT,FM,KB0UDD,TONE ENC,100.0 Hz,023,1500 Hz,HIGH,OFF,12.5KHz,0,"Idaho Springs - Squaw Mountain",0
55,448.5,443.5,5,-RPT,FM,KB0UDD,TONE ENC,100.0 Hz,023,1500 Hz,HIGH,OFF,12.5KHz,0,"Aurora - Smokey Hill",0
56,147.39,147.99,0.6,+RPT,FM,KB0VJJ,TONE ENC,88.5 Hz,023,1500 Hz,HIGH,OFF,12.5KHz,0,"Breckenridge - Bald Mountain",0
57,145.13,144.53,0.6,-RPT,FM,KB0VJJ,TONE ENC,88.5 Hz,023,1500 Hz,HIGH,OFF,12.5KHz,0,"Colorado Springs - Cheyenne Mountain",0
58,146.73,146.13,0.60000,-RPT,FM,KB0VJJ,TONE ENC,88.5 Hz,023,1500 Hz,HIGH,OFF,12.5KHz,0,"Fort Collins - Buckhorn",0
59,145.31,144.71,0.6,-RPT,FM,KB0VJJ,TONE ENC,88.5 Hz,023,1500 Hz,HIGH,OFF,12.5KHz,0,"Boulder - Thorodin Mountain",0
60,146.85,146.25,0.6,-RPT,FM,KB0VJJ,TONE ENC,88.5 Hz,023,1500 Hz,HIGH,OFF,12.5KHz,0,"Glenwood Springs - Sunlight Peak",0
61,145.355,144.755,0.6,-RPT,FM,KB0VJJ,TONE ENC,88.5 Hz,023,1500 Hz,HIGH,OFF,12.5KHz,0,"Grand Junction - Grand Mesa",0
62,147.075,147.675,0.6,+RPT,FM,KB0VJJ,TONE ENC,88.5 Hz,023,1500 Hz,HIGH,OFF,12.5KHz,0,"Kremmling - Santoy Peak",0
63,145.445,144.845,0.6,-RPT,FM,KB0VJJ,TONE ENC,88.5 Hz,023,1500 Hz,HIGH,OFF,12.5KHz,0,"Leadville - Mosquito Pass",0
64,145.13,144.53,0.6,-RPT,FM,KB0VJJ,TONE ENC,88.5 Hz,023,1500 Hz,HIGH,OFF,12.5KHz,0,"Burlington",0
65,147.285,147.885,0.6,+RPT,FM,KB0VJJ,TONE ENC,88.5 Hz,023,1500 Hz,HIGH,OFF,12.5KHz,0,"Winter Park - Winter Park",0
66,147.345,147.945,0.6,+RPT,FM,KB0VJJ,TONE ENC,88.5 Hz,023,1500 Hz,HIGH,OFF,12.5KHz,0,"Vail",0
67,145.16,144.56,0.6,-RPT,FM,KB0VJJ,TONE ENC,88.5 Hz,023,1500 Hz,HIGH,OFF,12.5KHz,0,"Walden - Peterson Ridge",0
68,444.075,449.075,5,+RPT,FM,KB0WYT,OFF,88.5 Hz,023,1500 Hz,HIGH,OFF,12.5KHz,0,"Scottsbluff",0
69,448.825,443.825,5,-RPT,FM,KB5ITS,TONE ENC,100.0 Hz,023,1500 Hz,HIGH,OFF,12.5KHz,0,"Montrose - Raspberry Ridge",0
70,147.375,147.975,0.6,+RPT,FM,KB5ITS,TONE ENC,156.7 Hz,023,1500 Hz,HIGH,OFF,12.5KHz,0,"Silverton - Kendall Mountain",0
71,447.525,442.525,5,-RPT,FM,KB5ITS,TONE ENC,127.3 Hz,023,1500 Hz,HIGH,OFF,12.5KHz,0,"Silverton",0
72,147.27,147.87,0.6,+RPT,FM,KB5ITS,TONE ENC,127.3 Hz,023,1500 Hz,HIGH,OFF,12.5KHz,0,"Ouray - Engineer Mountain",0
73,145.325,144.725,0.6,-RPT,FM,KB5ITS,TONE ENC,127.3 Hz,023,1500 Hz,HIGH,OFF,12.5KHz,0,"Silverton - Buffalo Boy",0
74,147.135,147.735,0.6,+RPT,FM,KB5ITS,TONE ENC,123.0 Hz,023,1500 Hz,HIGH,OFF,12.5KHz,0,"Lake City - Hill 71",0
75,444,449,5,+RPT,FM,KB5ITS,TONE ENC,67.0 Hz,023,1500 Hz,HIGH,OFF,12.5KHz,0,"Silverton - Hazelton",0
76,447.1,442.1,5,-RPT,FM,KB5YZB,TONE ENC,114.8 Hz,023,1500 Hz,HIGH,OFF,12.5KHz,0,"Aurora - Buckley Space Force Base",0
77,448,443,5,-RPT,FM,KC0CVU,TONE ENC,107.2 Hz,023,1500 Hz,HIGH,OFF,12.5KHz,0,"Colorado Springs - Cheyenne Mountain",0
78,449.7,444.7,5,-RPT,FM,KC0CVU,TONE ENC,107.2 Hz,023,1500 Hz,HIGH,OFF,12.5KHz,0,"Lake George",0
79,147.345,147.945,0.6,+RPT,FM,KC0CVU,TONE ENC,107.2 Hz,023,1500 Hz,HIGH,OFF,12.5KHz,0,"Colorado Springs - Cheyenne Mountain",0
80,145.295,144.695,0.6,-RPT,FM,KC0CVU,TONE ENC,107.2 Hz,023,1500 Hz,HIGH,OFF,12.5KHz,0,"Salida - Methodist Mountain",0
81,449.65,444.65,5,-RPT,FM,KC0CVU,TONE ENC,107.2 Hz,023,1500 Hz,HIGH,OFF,12.5KHz,0,"Salida - Methodist Mountain",0
82,448.55,443.55,5,-RPT,FM,KC0CVU,TONE ENC,107.2 Hz,023,1500 Hz,HIGH,OFF,12.5KHz,0,"Pueblo - NE of Pueblo on Baculite Mesa",0
83,147,147.6,0.6,+RPT,FM,KC0KWD,TONE ENC,100.0 Hz,023,1500 Hz,HIGH,OFF,12.5KHz,0,"Gilcrest",0
84,448.475,443.475,5,-RPT,FM,KC0KWD,TONE ENC,100.0 Hz,023,1500 Hz,HIGH,OFF,12.5KHz,0,"Gilcrest",0
85,147.195,147.795,0.6,+RPT,FM,KC0QXX,TONE ENC,107.2 Hz,023,1500 Hz,HIGH,OFF,12.5KHz,0,"Cedaredge - Cedar Mesa",0
86,447.45,442.45,5,-RPT,FM,KC0RBT,TONE ENC,123.0 Hz,023,1500 Hz,HIGH,OFF,12.5KHz,0,"Fort Collins",0
87,146.91,146.31,0.6,-RPT,FM,KC0UUX,TONE ENC,107.2 Hz,023,1500 Hz,HIGH,OFF,12.5KHz,0,"Montrose",0
88,146.76,146.16,0.6,-RPT,FM,KC7OZU,TONE ENC,100.0 Hz,023,1500 Hz,HIGH,OFF,12.5KHz,0,"Rawlins",0
89,147.21,147.81,0.6,+RPT,FM,KD0H,TONE ENC,107.2 Hz,023,1500 Hz,HIGH,OFF,12.5KHz,0,"Steamboat Springs",0
90,447.625,442.625,5,-RPT,FM,KD0MDP,TONE ENC,100.0 Hz,023,1500 Hz,HIGH,OFF,12.5KHz,0,"Falcon - Black Forest",0
91,145.325,144.725,0.6,-RPT,FM,KD0MRC,TONE ENC,100.0 Hz,023,1500 Hz,HIGH,OFF,12.5KHz,0,"Maysville",0
92,447.05,442.05,5,-RPT,FM,KD0NU,TONE ENC,179.9 Hz,023,1500 Hz,HIGH,OFF,12.5KHz,0,"Aspen - Aspen Mountain",0
93,447.65,442.65,5,-RPT,FM,KD0OXW,TONE ENC,103.5 Hz,023,1500 Hz,HIGH,OFF,12.5KHz,0,"Limon - Cedar Point",0
94,447.6,442.6,5,-RPT,FM,KD0OXW,TONE ENC,103.5 Hz,023,1500 Hz,HIGH,OFF,12.5KHz,0,"Firstview",0
95,447.15,442.15,5,-RPT,FM,KD0OXW,TONE ENC,103.5 Hz,023,1500 Hz,HIGH,OFF,12.5KHz,0,"Hugo",0
96,449.775,444.775,5,-RPT,FM,KD0SMZ,TONE ENC,173.8 Hz,023,1500 Hz,HIGH,OFF,12.5KHz,0,"Grand Junction",0
97,147.21,147.81,0.6,+RPT,FM,KD0SSP,TONE ENC,100.0 Hz,023,1500 Hz,HIGH,OFF,12.5KHz,0,"Lakewood - Moffat Treatment Plant",0
98,448.35,443.35,5,-RPT,FM,KD0SSP,TONE ENC,225.7 Hz,023,1500 Hz,HIGH,OFF,12.5KHz,0,"Lakewood - Moffat Treatment Plant",0
99,146.64,146.04,0.6,-RPT,FM,KD7AGA,TONE ENC,173.8 Hz,023,1500 Hz,HIGH,OFF,12.5KHz,0,"Casper - Casper Mountain",0
100,147.39,147.99,0.6,+RPT,FM,KD7BN,TONE ENC,100.0 Hz,023,1500 Hz,HIGH,OFF,12.5KHz,0,"Rawlins",0
101,448.325,443.325,5,-RPT,FM,KD7JNQ,TONE ENC,151.4 Hz,023,1500 Hz,HIGH,OFF,12.5KHz,0,"Torrington",0
102,146.895,146.295,0.6,-RPT,FM,KE0AE,TONE ENC,103.5 Hz,023,1500 Hz,HIGH,OFF,12.5KHz,0,"Stratton",0
103,147.06,147.66,0.6,+RPT,FM,KE0AE,TONE ENC,103.5 Hz,023,1500 Hz,HIGH,OFF,12.5KHz,0,"Genoa",0
104,447.625,442.625,5,-RPT,FM,KE0SJ,TONE ENC,100.0 Hz,023,1500 Hz,HIGH,OFF,12.5KHz,0,"Lochbuie",0
105,145.475,144.875,0.6,-RPT,FM,KE0SJ,TONE ENC,100.0 Hz,023,1500 Hz,HIGH,OFF,12.5KHz,0,"Boulder - Blue Mountain",0
106,449.525,444.525,5,-RPT,FM,KE0SJ,OFF,88.5 Hz,023,1500 Hz,HIGH,OFF,12.5KHz,0,"Golden - Centennial Cone",0
107,145.28,144.68,0.6,-RPT,FM,KE0SJ,TONE ENC,100.0 Hz,023,1500 Hz,HIGH,OFF,12.5KHz,0,"Golden - Centennial Cone",0
108,449.625,444.625,5,-RPT,FM,KE0VH,OFF,88.5 Hz,023,1500 Hz,HIGH,OFF,12.5KHz,0,"Morrison - Mt. Morrison",0
109,145.34,144.74,0.6,-RPT,FM,KE4GUQ,TONE ENC,103.5 Hz,023,1500 Hz,HIGH,OFF,12.5KHz,0,"Evergreen",0
110,447.025,442.025,5,-RPT,FM,KF0WF,TONE ENC,123.0 Hz,023,1500 Hz,HIGH,OFF,12.5KHz,0,"Colorado Springs",0
111,146.73,146.13,0.6,-RPT,FM,KF7BR,TONE ENC,100.0 Hz,023,1500 Hz,HIGH,OFF,12.5KHz,0,"Torrington",0
112,445.2625,440.2625,5,-RPT,FM,KG0RP,TONE ENC,97.4 Hz,023,1500 Hz,HIGH,OFF,12.5KHz,0,"Lakewood",0
113,147.33,147.93,0.6,+RPT,FM,KG7OMT,TONE ENC,103.5 Hz,023,1500 Hz,HIGH,OFF,12.5KHz,0,"Lusk - 77 Hill",0
114,146.88,146.28,0.6,-RPT,FM,KI0G,TONE ENC,107.2 Hz,023,1500 Hz,HIGH,OFF,12.5KHz,0,"Glenwood Springs - Sunlight Peak",0
115,447.1,442.1,5,-RPT,FM,KI0G,TONE ENC,107.2 Hz,023,1500 Hz,HIGH,OFF,12.5KHz,0,"Glenwood Springs - Sunlight Peak",0
116,147.03,147.63,0.6,+RPT,FM,KI0HG,TONE ENC,100.0 Hz,023,1500 Hz,HIGH,OFF,12.5KHz,0,"Allenspark - AFPD Station #5",0
117,147.33,147.93,0.6,+RPT,FM,KI0MR,TONE ENC,107.2 Hz,023,1500 Hz,HIGH,OFF,12.5KHz,0,"Paonia",0
118,147.24,147.84,0.6,+RPT,FM,KJ0T,TONE ENC,103.5 Hz,023,1500 Hz,HIGH,OFF,12.5KHz,0,"Pueblo",0
119,447.025,442.025,5,-RPT,FM,KJ7OIX,TONE ENC,77.0 Hz,023,1500 Hz,HIGH,OFF,12.5KHz,0,"Crawford",0
120,449.5,444.5,5,-RPT,FM,KY5O,TONE ENC,123.0 Hz,023,1500 Hz,HIGH,OFF,12.5KHz,0,"Silverton",0
121,449.9,444.9,5,-RPT,FM,N0AFO,TONE ENC,107.2 Hz,023,1500 Hz,HIGH,OFF,12.5KHz,0,"Vail",0
122,147.12,147.72,0.6,+RPT,FM,N0ARA,TONE ENC,88.5 Hz,023,1500 Hz,HIGH,OFF,12.5KHz,0,"Critchell - Critchell Mountain",0
123,448.75,443.75,5,-RPT,FM,N0ELY,TONE ENC,100.0 Hz,023,1500 Hz,HIGH,OFF,12.5KHz,0,"Lakewood",0
124,448.525,443.525,5,-RPT,FM,N0EPA,TONE ENC,151.4 Hz,023,1500 Hz,HIGH,OFF,12.5KHz,0,"Longmont",0
125,447.525,442.525,5,-RPT,FM,N0ESQ,TONE ENC,203.5 Hz,023,1500 Hz,HIGH,OFF,12.5KHz,0,"Parker - Hess Reservoir",0
126,447.525,442.525,5,-RPT,FM,N0ESQ,TONE ENC,146.2 Hz,023,1500 Hz,HIGH,OFF,12.5KHz,0,"Castle Rock - Devils Head (Pike National Forest)",0
127,146.685,146.085,0.6,-RPT,FM,N0FH,TONE ENC,123.0 Hz,023,1500 Hz,HIGH,OFF,12.5KHz,0,"Estes Park",0
128,449.8,444.8,5,-RPT,FM,N0FH,TONE ENC,123.0 Hz,023,1500 Hz,HIGH,OFF,12.5KHz,0,"Estes Park",0
129,447.9,442.9,5,-RPT,FM,N0HQD,TONE ENC,100.0 Hz,023,1500 Hz,HIGH,OFF,12.5KHz,0,"South Fork",0
130,447.9,442.9,5,-RPT,FM,N0HQD,TONE ENC,100.0 Hz,023,1500 Hz,HIGH,OFF,12.5KHz,0,"South Fork",0
131,145.355,144.755,0.6,-RPT,FM,N0JPX,TONE ENC,100.0 Hz,023,1500 Hz,HIGH,OFF,12.5KHz,0,"La Veta",0
132,146.715,146.115,0.6,-RPT,FM,N0JXN,TONE ENC,123.0 Hz,023,1500 Hz,HIGH,OFF,12.5KHz,0,"Denver",0
133,448.25,443.25,5,-RPT,FM,N0KG,TONE ENC,123.0 Hz,023,1500 Hz,HIGH,OFF,12.5KHz,0,"Colorado Springs - Broadmoor Area",0
134,447.1,442.1,5,-RPT,FM,N0KM,TONE ENC,77.0 Hz,023,1500 Hz,HIGH,OFF,12.5KHz,0,"Center",0
135,146.64,146.04,0.6,-RPT,FM,N0KM,TONE ENC,77.0 Hz,023,1500 Hz,HIGH,OFF,12.5KHz,0,"Center",0
136,449.5,444.5,5,-RPT,FM,N0LAR,TONE ENC,123.0 Hz,023,1500 Hz,HIGH,OFF,12.5KHz,0,"Lamar",0
137,146.61,146.01,0.6,-RPT,FM,N0LAR,TONE ENC,123.0 Hz,023,1500 Hz,HIGH,OFF,12.5KHz,0,"Lamar - 4 Miles East of Lamar",0
138,147,146.4,0.6,-RPT,FM,N0NEB,TONE ENC,103.5 Hz,023,1500 Hz,HIGH,OFF,12.5KHz,0,"Harrisburg",0
139,147.075,147.675,0.6,+RPT,FM,N0NEB,OFF,88.5 Hz,023,1500 Hz,HIGH,OFF,12.5KHz,0,"Scottsbluff",0
140,444.125,449.125,5,+RPT,FM,N0NEB,TONE ENC,186.2 Hz,023,1500 Hz,HIGH,OFF,12.5KHz,0,"Scottsbluff - Stage Hill",0
141,444.825,449.825,5,+RPT,FM,N0NEB,TONE ENC,100.0 Hz,023,1500 Hz,HIGH,OFF,12.5KHz,0,"Scottsbluff",0
142,448.7,443.7,5,-RPT,FM,N0OBA,TONE ENC,71.9 Hz,023,1500 Hz,HIGH,OFF,12.5KHz,0,"Aurora",0
143,145.19,144.59,0.6,-RPT,FM,N0OBA,TONE ENC,71.9 Hz,023,1500 Hz,HIGH,OFF,12.5KHz,0,"Aurora",0
144,447.5,442.5,5,-RPT,FM,N0OWY,TONE ENC,88.5 Hz,023,1500 Hz,HIGH,OFF,12.5KHz,0,"Conifer - Critchell Mountain",0
145,449.525,444.525,5,-RPT,FM,N0PKT,TONE ENC,100.0 Hz,023,1500 Hz,HIGH,OFF,12.5KHz,0,"Creede - Bristol Head",0
146,145.25,144.65,0.6,-RPT,FM,N0PRG,TONE ENC,103.5 Hz,023,1500 Hz,HIGH,OFF,12.5KHz,0,"Steamboat Springs - Sunshine Peak",0
147,146.64,146.04,0.6,-RPT,FM,N0PUF,TONE ENC,100.0 Hz,023,1500 Hz,HIGH,OFF,12.5KHz,0,"Golden - Centennial Cone",0
148,146.88,146.28,0.6,-RPT,FM,N0PUF,TONE ENC,100.0 Hz,023,1500 Hz,HIGH,OFF,12.5KHz,0,"Centennial - Warren Mountain",0
149,449.725,444.725,5,-RPT,FM,N0PWZ,TONE ENC,100.0 Hz,023,1500 Hz,HIGH,OFF,12.5KHz,0,"Palmer Divide",0
150,448.125,443.125,5,-RPT,FM,N0PYY,TONE ENC,107.2 Hz,023,1500 Hz,HIGH,OFF,12.5KHz,0,"Golden",0
151,448.225,443.225,5,-RPT,FM,N0SZ,TONE ENC,141.3 Hz,023,1500 Hz,HIGH,OFF,12.5KHz,0,"Idaho Springs - Squaw Mountain",0
152,447.75,442.75,5,-RPT,FM,N0SZ,TONE ENC,141.3 Hz,023,1500 Hz,HIGH,OFF,12.5KHz,0,"Boulder - Lee Hill",0
153,449.225,444.225,5,-RPT,FM,N0SZ,TONE ENC,141.3 Hz,023,1500 Hz,HIGH,OFF,12.5KHz,0,"Denver - Thorodin Mountain",0
154,147.075,147.675,0.6,+RPT,FM,N0XLF,TONE ENC,131.8 Hz,023,1500 Hz,HIGH,OFF,12.5KHz,0,"Palmer Lake - Monument Hill",0
155,449.6,444.6,5,-RPT,FM,N0XLI,TONE ENC,107.2 Hz,023,1500 Hz,HIGH,OFF,12.5KHz,0,"Glenwood Springs - Sunlight Peak",0
156,147.24,147.84,0.6,+RPT,FM,N0ZSN,TONE ENC,156.7 Hz,023,1500 Hz,HIGH,OFF,12.5KHz,0,"Leadville - Quail Mountain",0
157,449.75,444.75,5,-RPT,FM,N0ZSN,TONE ENC,100.0 Hz,023,1500 Hz,HIGH,OFF,12.5KHz,0,"La Veta - Cordova Pass",0
158,449.3,444.3,5,-RPT,FM,N1UPS,TONE ENC,100.0 Hz,023,1500 Hz,HIGH,OFF,12.5KHz,0,"Westminster",0
159,449.925,444.925,5,-RPT,FM,N2KNK,TONE ENC,151.4 Hz,023,1500 Hz,HIGH,OFF,12.5KHz,0,"Parachute - Mount Callahan",0
160,447.175,442.175,5,-RPT,FM,N2KNK,TONE ENC,151.4 Hz,023,1500 Hz,HIGH,OFF,12.5KHz,0,"Grand Junction - Black Ridge",0
161,449.65,444.65,5,-RPT,FM,N2KNK,TONE ENC,151.4 Hz,023,1500 Hz,HIGH,OFF,12.5KHz,0,"Grand Junction - Grand Mesa",0
162,447.65,442.65,5,-RPT,FM,N2KNK,TONE ENC,151.4 Hz,023,1500 Hz,HIGH,OFF,12.5KHz,0,"Meeker - Uranium Peak",0
163,447.65,442.65,5,-RPT,FM,N2KNK,TONE ENC,151.4 Hz,023,1500 Hz,HIGH,OFF,12.5KHz,0,"Gunnison - W Mountain or Tenderfoot Mountain",0
164,448.65,443.65,5,-RPT,FM,N2KNK,TONE ENC,151.4 Hz,023,1500 Hz,HIGH,OFF,12.5KHz,0,"Montrose - Waterdog Peak",0
165,447.425,442.425,5,-RPT,FM,N2SKY,TONE ENC,103.5 Hz,023,1500 Hz,HIGH,OFF,12.5KHz,0,"Akron",0
166,448.4,443.4,5,-RPT,FM,N2SKY,TONE ENC,103.5 Hz,023,1500 Hz,HIGH,OFF,12.5KHz,0,"Buena Vista - Mt. Princeton",0
167,448.75,443.75,5,-RPT,FM,N2SKY,TONE ENC,103.5 Hz,023,1500 Hz,HIGH,OFF,12.5KHz,0,"Vail - Vail Mountain",0
168,447.425,442.425,5,-RPT,FM,N2SKY,TONE ENC,103.5 Hz,023,1500 Hz,HIGH,OFF,12.5KHz,0,"Saratoga - Elk Mountain",0
169,448.4,443.4,5,-RPT,FM,N2SKY,TONE ENC,94.8 Hz,023,1500 Hz,HIGH,OFF,12.5KHz,0,"Loveland - Milner Mtn.",0
170,447.4,442.4,5,-RPT,FM,N2SKY,TONE ENC,103.5 Hz,023,1500 Hz,HIGH,OFF,12.5KHz,0,"Laramie - Pilot Hill",0
171,449.575,444.575,5,-RPT,FM,N2SKY,TONE ENC,103.5 Hz,023,1500 Hz,HIGH,OFF,12.5KHz,0,"Leadville - Colorado Mountain College",0
172,449.85,444.85,5,-RPT,FM,N2SKY,TONE ENC,103.5 Hz,023,1500 Hz,HIGH,OFF,12.5KHz,0,"Colorado Springs - Gardner Rock",0
173,147.015,147.615,0.6,+RPT,FM,N2VHZ,OFF,88.5 Hz,023,1500 Hz,HIGH,OFF,12.5KHz,0,"Alliance",0
174,145.235,144.635,0.6,-RPT,FM,N7DEN,TONE ENC,131.8 Hz,023,1500 Hz,HIGH,OFF,12.5KHz,0,"Cheyenne",0
175,147.24,147.84,0.6,+RPT,FM,N7GCR,TONE ENC,100.0 Hz,023,1500 Hz,HIGH,OFF,12.5KHz,0,"Rawlins - Elk Mountain",0
176,449.3,444.3,5,-RPT,FM,N7JJY,TONE ENC,131.8 Hz,023,1500 Hz,HIGH,OFF,12.5KHz,0,"Cheyenne - Chalk Bluffs",0
177,447.55,442.55,5,-RPT,FM,N7JJY,TONE ENC,114.8 Hz,023,1500 Hz,HIGH,OFF,12.5KHz,0,"Cheyenne - Chalk Bluffs",0
178,146.7,146.1,0.6,-RPT,FM,N7RON,TONE ENC,162.2 Hz,023,1500 Hz,HIGH,OFF,12.5KHz,0,"Rawlins",0
179,146.61,146.01,0.6,-RPT,FM,N7UW,TONE ENC,146.2 Hz,023,1500 Hz,HIGH,OFF,12.5KHz,0,"Laramie - University",0
180,147.015,147.615,0.6,+RPT,FM,N7UW,TONE ENC,146.2 Hz,023,1500 Hz,HIGH,OFF,12.5KHz,0,"Laramie - Jelm Mountain",0
181,447.45,442.45,5,-RPT,FM,NA0PW,TONE ENC,123.0 Hz,023,1500 Hz,HIGH,OFF,12.5KHz,0,"Pueblo West - Liberty Point",0
182,449.5,444.5,5,-RPT,FM,NB7I,TONE ENC,100.0 Hz,023,1500 Hz,HIGH,OFF,12.5KHz,0,"Casper - Casper Mtn.",0
183,147,147.6,0.6,+RPT,FM,NE0Z,OFF,88.5 Hz,023,1500 Hz,HIGH,OFF,12.5KHz,0,"Pueblo - CSU",0
184,447.475,442.475,5,-RPT,FM,NX0G,TONE ENC,107.2 Hz,023,1500 Hz,HIGH,OFF,12.5KHz,0,"Colorado Springs",0
185,147.015,147.615,0.6,+RPT,FM,NX0G,TONE ENC,107.2 Hz,023,1500 Hz,HIGH,OFF,12.5KHz,0,"Cripple Creek",0
186,146.685,146.085,0.6,-RPT,FM,NX0G,TONE ENC,107.2 Hz,023,1500 Hz,HIGH,OFF,12.5KHz,0,"Lake George - Badger Mountain",0
187,146.82,146.22,0.6,-RPT,FM,NX0G,TONE ENC,107.2 Hz,023,1500 Hz,HIGH,OFF,12.5KHz,0,"Woodland Park",0
188,448.65,443.65,5,-RPT,FM,NX0G,TONE ENC,107.2 Hz,023,1500 Hz,HIGH,OFF,12.5KHz,0,"Woodland Park",0
189,147.36,147.96,0.6,+RPT,FM,W0ALC,TONE ENC,100.0 Hz,023,1500 Hz,HIGH,OFF,12.5KHz,0,"Cedaredge",0
190,448.675,443.675,5,-RPT,FM,W0CFI,TONE ENC,100.0 Hz,023,1500 Hz,HIGH,OFF,12.5KHz,0,"Idaho Springs - Squaw Mountain",0
191,145.46,144.86,0.6,-RPT,FM,W0CRA,TONE ENC,107.2 Hz,023,1500 Hz,HIGH,OFF,12.5KHz,0,"Boulder - Eldorado Mountain",0
192,447.575,442.575,5,-RPT,FM,W0CRA,TONE ENC,107.2 Hz,023,1500 Hz,HIGH,OFF,12.5KHz,0,"Idaho Springs - Squaw Mountain",0
193,447.975,442.975,5,-RPT,FM,W0CRA,TONE ENC,107.2 Hz,023,1500 Hz,HIGH,OFF,12.5KHz,0,"Boulder - Eldorado Mountain",0
194,145.16,144.56,0.6,-RPT,FM,W0CRA,TONE ENC,107.2 Hz,023,1500 Hz,HIGH,OFF,12.5KHz,0,"Colorado Springs - Cheyenne Mountain",0
195,147.225,147.825,0.6,+RPT,FM,W0CRA,TONE ENC,107.2 Hz,023,1500 Hz,HIGH,OFF,12.5KHz,0,"Larkspur - Westcreek",0
196,145.145,144.545,0.6,-RPT,FM,W0CRA,TONE ENC,107.2 Hz,023,1500 Hz,HIGH,OFF,12.5KHz,0,"Idaho Springs - Squaw Mountain",0
197,448.425,443.425,5,-RPT,FM,W0CRA,TONE ENC,107.2 Hz,023,1500 Hz,HIGH,OFF,12.5KHz,0,"Larkspur - Westcreek",0
198,147.15,147.75,0.6,+RPT,FM,W0CTS,TONE ENC,123.0 Hz,023,1500 Hz,HIGH,OFF,12.5KHz,0,"Lamar - 1.7 Miles S.E.",0
199,449.2,444.2,5,-RPT,FM,W0CTS,TONE ENC,162.2 Hz,023,1500 Hz,HIGH,OFF,12.5KHz,0,"Lamar",0
200,448.9,443.9,5,-RPT,FM,W0DK,TONE ENC,100.0 Hz,023,1500 Hz,HIGH,OFF,12.5KHz,0,"Boulder - Table Mesa",0
201,146.61,146.01,0.6,-RPT,FM,W0DK,TONE ENC,100.0 Hz,023,1500 Hz,HIGH,OFF,12.5KHz,0,"Lyons",0
202,146.7,146.1,0.6,-RPT,FM,W0DK,TONE ENC,100.0 Hz,023,1500 Hz,HIGH,OFF,12.5KHz,0,"Boulder - Table Mountain",0
203,147.27,147.87,0.6,+RPT,FM,W0ENO,TONE ENC,100.0 Hz,023,1500 Hz,HIGH,OFF,12.5KHz,0,"Longmont",0
204,448.8,443.8,5,-RPT,FM,W0ENO,TONE ENC,88.5 Hz,023,1500 Hz,HIGH,OFF,12.5KHz,0,"Longmont",0
205,146.82,146.22,0.6,-RPT,FM,W0GJT,TONE ENC,107.2 Hz,023,1500 Hz,HIGH,OFF,12.5KHz,0,"Grand Junction - 9 Mile, Hwy 141, Unaweep",0
206,448.975,443.975,5,-RPT,FM,W0GV,TONE ENC,123.0 Hz,023,1500 Hz,HIGH,OFF,12.5KHz,0,"Golden",0
207,449.55,444.55,5,-RPT,FM,W0IA,TONE ENC,100.0 Hz,023,1500 Hz,HIGH,OFF,12.5KHz,0,"Boulder - Lee Hill, Boulder",0
208,146.76,146.16,0.6,-RPT,FM,W0IA,TONE ENC,100.0 Hz,023,1500 Hz,HIGH,OFF,12.5KHz,0,"Boulder - Gunbarrel Hill",0
209,448.075,443.075,5,-RPT,FM,W0IG,TONE ENC,123.0 Hz,023,1500 Hz,HIGH,OFF,12.5KHz,0,"Denver",0
210,449.65,444.65,5,-RPT,FM,W0JFK,TONE ENC,100.0 Hz,023,1500 Hz,HIGH,OFF,12.5KHz,0,"La Junta",0
211,447.175,442.175,5,-RPT,FM,W0JRL,TONE ENC,103.5 Hz,023,1500 Hz,HIGH,OFF,12.5KHz,0,"Boulder - Hoover Hill",0
212,146.91,146.31,0.6,-RPT,FM,W0JZ,TONE ENC,123.0 Hz,023,1500 Hz,HIGH,OFF,12.5KHz,0,"Gold Hill ",0
213,147.195,147.795,0.6,+RPT,FM,W0LRA,TONE ENC,100.0 Hz,023,1500 Hz,HIGH,OFF,12.5KHz,0,"Loveland - Namaqua Hill",0
214,449.575,444.575,5,-RPT,FM,W0LRA,TONE ENC,100.0 Hz,023,1500 Hz,HIGH,OFF,12.5KHz,0,"Loveland - Namaqua Hill",0
215,146.745,146.145,0.6,-RPT,FM,W0LSD,TONE ENC,100.0 Hz,023,1500 Hz,HIGH,OFF,12.5KHz,0,"Nathrop",0
216,147.39,147.99,0.6,+RPT,FM,W0MOG,TONE ENC,103.5 Hz,023,1500 Hz,HIGH,OFF,12.5KHz,0,"Colorado Springs",0
217,448.55,443.55,5,-RPT,FM,W0NED,TONE ENC,141.3 Hz,023,1500 Hz,HIGH,OFF,12.5KHz,0,"Nederland",0
218,145.115,144.515,0.6,-RPT,FM,W0PHC,TONE ENC,88.5 Hz,023,1500 Hz,HIGH,OFF,12.5KHz,0,"Pueblo",0
219,146.79,146.19,0.6,-RPT,FM,W0PHC,TONE ENC,88.5 Hz,023,1500 Hz,HIGH,OFF,12.5KHz,0,"Pueblo - Baculite Mesa",0
220,146.88,146.28,0.6,-RPT,FM,W0PHC,TONE ENC,88.5 Hz,023,1500 Hz,HIGH,OFF,12.5KHz,0,"Pueblo - 12 Mile Hill",0
221,447.95,442.95,5,-RPT,FM,W0PHC,TONE ENC,88.5 Hz,023,1500 Hz,HIGH,OFF,12.5KHz,0,"Pueblo - 12 Mile",0
222,146.73,146.13,0.6,-RPT,FM,W0PHC,TONE ENC,88.5 Hz,023,1500 Hz,HIGH,OFF,12.5KHz,0,"Walsenburg - N Rattlesnake Butte",0
223,449.85,444.85,5,-RPT,FM,W0QEY,TONE ENC,100.0 Hz,023,1500 Hz,HIGH,OFF,12.5KHz,0,"Fort Collins - CSU Durward Hall",0
224,147.36,147.96,0.6,+RPT,FM,W0QEY,TONE ENC,100.0 Hz,023,1500 Hz,HIGH,OFF,12.5KHz,0,"Fort Collins - CSU Durward Hall",0
225,145.175,144.575,0.6,-RPT,FM,W0RRZ,TONE ENC,107.2 Hz,023,1500 Hz,HIGH,OFF,12.5KHz,0,"Grand Junction - GJT",0
226,146.94,146.34,0.6,-RPT,FM,W0RRZ,TONE ENC,107.2 Hz,023,1500 Hz,HIGH,OFF,12.5KHz,0,"Grand Junction - Black Ridge (Above Colorado Ntl Monument)",0
227,447.725,442.725,5,-RPT,FM,W0TLM,TONE ENC,100.0 Hz,023,1500 Hz,HIGH,OFF,12.5KHz,0,"Monument - Monument Hill",0
228,145.49,144.89,0.6,-RPT,FM,W0TX,TONE ENC,100.0 Hz,023,1500 Hz,HIGH,OFF,12.5KHz,0,"Idaho Springs - Centennial Cone",0
229,147.33,147.93,0.6,+RPT,FM,W0TX,TONE ENC,100.0 Hz,023,1500 Hz,HIGH,OFF,12.5KHz,0,"Lakewood - Green Mountain",0
230,449.35,444.35,5,-RPT,FM,W0TX,TONE ENC,100.0 Hz,023,1500 Hz,HIGH,OFF,12.5KHz,0,"Idaho Springs - Squaw Mountain",0
231,448.625,443.625,5,-RPT,FM,W0TX,TONE ENC,100.0 Hz,023,1500 Hz,HIGH,OFF,12.5KHz,0,"Golden - Centennial Cone",0
232,447.825,442.825,5,-RPT,FM,W0TX,DCS,88.5 Hz,073,1500 Hz,HIGH,OFF,12.5KHz,0,"Lakewood - St Anthony Medical Campus",0
233,147.15,147.75,0.6,+RPT,FM,W0UAW,TONE ENC,100.0 Hz,023,1500 Hz,HIGH,OFF,12.5KHz,0,"Golden - Guy Hill",0
234,448.025,443.025,5,-RPT,FM,W0UPS,TONE ENC,100.0 Hz,023,1500 Hz,HIGH,OFF,12.5KHz,0,"Loveland - Budweiser Event Center",0
235,145.115,144.515,0.6,-RPT,FM,W0UPS,TONE ENC,100.0 Hz,023,1500 Hz,HIGH,OFF,12.5KHz,0,"Fort Collins - Horsetooth Mountain",0
236,447.275,442.275,5,-RPT,FM,W0UPS,TONE ENC,100.0 Hz,023,1500 Hz,HIGH,OFF,12.5KHz,0,"Fort Collins - Horsetooth Mountain",0
237,146.85,146.25,0.6,-RPT,FM,W0UPS,TONE ENC,100.0 Hz,023,1500 Hz,HIGH,OFF,12.5KHz,0,"Greeley - UNC",0
238,447.7,442.7,5,-RPT,FM,W0UPS,TONE ENC,100.0 Hz,023,1500 Hz,HIGH,OFF,12.5KHz,0,"Fort Collins - Buckhorn Mountain",0
239,146.625,146.025,0.6,-RPT,FM,W0UPS,TONE ENC,100.0 Hz,023,1500 Hz,HIGH,OFF,12.5KHz,0,"Fort Collins - Buckhorn Mountain",0
240,147.12,147.72,0.6,+RPT,FM,W0VTL,OFF,88.5 Hz,023,1500 Hz,HIGH,OFF,12.5KHz,0,"Gunnison",0
241,449.825,444.825,5,-RPT,FM,W0WYX,TONE ENC,103.5 Hz,023,1500 Hz,HIGH,OFF,12.5KHz,0,"Broomfield",0
242,146.94,146.34,0.6,-RPT,FM,W0WYX,TONE ENC,103.5 Hz,023,1500 Hz,HIGH,OFF,12.5KHz,0,"Idaho Springs - Squaw Mountain",0
243,449.2,444.2,5,-RPT,FM,W3ORR,OFF,88.5 Hz,023,1500 Hz,HIGH,OFF,12.5KHz,0,"Cheyenne",0
244,447.725,442.725,5,-RPT,FM,W7RF,TONE ENC,131.8 Hz,023,1500 Hz,HIGH,OFF,12.5KHz,0,"Fort Collins",0
245,145.235,144.635,0.60000,-RPT,FM,W7VNJ,TONE ENC,100.0 Hz,023,1500 Hz,HIGH,OFF,12.5KHz,0,"Casper - Casper Mountain",0
246,146.94,146.34,0.6,-RPT,FM,W7VNJ,TONE ENC,123.0 Hz,023,1500 Hz,HIGH,OFF,12.5KHz,0,"Casper - Casper Mountain",0
247,449.95,444.95,5,-RPT,FM,W9SL,TONE ENC,77.0 Hz,023,1500 Hz,HIGH,OFF,12.5KHz,0,"Aurora",0
248,147.105,147.705,0.6,+RPT,FM,WA0DE,TONE ENC,107.2 Hz,023,1500 Hz,HIGH,OFF,12.5KHz,0,"Simla",0
249,145.295,144.695,0.6,-RPT,FM,WA0JTB,TONE ENC,100.0 Hz,023,1500 Hz,HIGH,OFF,12.5KHz,0,"Sterling - CO",0
250,447.05,442.05,5,-RPT,FM,WA0MJX,TONE ENC,103.5 Hz,023,1500 Hz,HIGH,OFF,12.5KHz,0,"Denver - 1670 Broadway",0
251,447.45,442.45,5,-RPT,FM,WA4CCC,TONE ENC,103.5 Hz,023,1500 Hz,HIGH,OFF,12.5KHz,0,"Winter Park",0
252,447.2,442.2,5,-RPT,FM,WA4HND,TONE ENC,107.2 Hz,023,1500 Hz,HIGH,OFF,12.5KHz,0,"Montrose - Waterdog Peak",0
253,449.85,444.85,5,-RPT,FM,WA4HND,TONE ENC,131.8 Hz,023,1500 Hz,HIGH,OFF,12.5KHz,0,"Glenwood Springs - Lookout Mountain",0
254,449.3,444.3,5,-RPT,FM,WA4HND,TONE ENC,107.2 Hz,023,1500 Hz,HIGH,OFF,12.5KHz,0,"Grand Junction - Grand Mesa",0
255,449.575,444.575,5,-RPT,FM,WA4HND,TONE ENC,131.8 Hz,023,1500 Hz,HIGH,OFF,12.5KHz,0,"Grand Junction - Black Ridge",0
256,447.55,442.55,5,-RPT,FM,WA6IFI,TONE ENC,123.0 Hz,023,1500 Hz,HIGH,OFF,12.5KHz,0,"Colorado Springs",0
257,146.88,146.28,0.6,-RPT,FM,WA7SNU,OFF,88.5 Hz,023,1500 Hz,HIGH,OFF,12.5KHz,0,"Wheatland",0
258,449.625,444.625,5,-RPT,FM,WA7SNU,TONE ENC,151.4 Hz,023,1500 Hz,HIGH,OFF,12.5KHz,0,"Wheatland ",0
259,146.7,146.1,0.6,-RPT,FM,WB0QMR,TONE ENC,107.2 Hz,023,1500 Hz,HIGH,OFF,12.5KHz,0,"Silverthorne",0
260,145.28,144.68,0.6,-RPT,FM,WB0SLW,TONE ENC,100.0 Hz,023,1500 Hz,HIGH,OFF,12.5KHz,0,"Pueblo",0
261,449,444,5,-RPT,FM,WB0WDF,TONE ENC,67.0 Hz,023,1500 Hz,HIGH,OFF,12.5KHz,0,"Canon City - eightmile Mountain",0
262,448.325,443.325,5,-RPT,FM,WB7UPS,TONE ENC,110.9 Hz,023,1500 Hz,HIGH,OFF,12.5KHz,0,"Wellington",0
263,449.425,444.425,5,-RPT,FM,WC3W,TONE ENC,103.5 Hz,023,1500 Hz,HIGH,OFF,12.5KHz,0,"Grand Lake",0
264,145.475,144.875,0.6,-RPT,FM,WD0BQM,OFF,88.5 Hz,023,1500 Hz,HIGH,OFF,12.5KHz,0,"Scottsbluff",0
265,445.1,445.10000,0,OFF,FM,WD0BQM,TONE ENC,100.0 Hz,023,1500 Hz,HIGH,OFF,12.5KHz,0,"Mitchell",0
266,145.49,144.89,0.6,-RPT,FM,WD0EKR,TONE ENC,103.5 Hz,023,1500 Hz,HIGH,OFF,12.5KHz,0,"Canon City - Fremont Peak",0
267,447.75,442.75,5,-RPT,FM,WD0EKR,TONE ENC,103.5 Hz,023,1500 Hz,HIGH,OFF,12.5KHz,0,"Canon City - Fremont Peak",0
268,448.925,443.925,5,-RPT,FM,WD0HDR,TONE ENC,103.5 Hz,023,1500 Hz,HIGH,OFF,12.5KHz,0,"LaSalle",0
269,449.975,444.975,5,-RPT,FM,WE0FUN,TONE ENC,100.0 Hz,023,1500 Hz,HIGH,OFF,12.5KHz,0,"Larkspur - Westcreek",0
270,448.15,443.15,5,-RPT,FM,WE0FUN,TONE ENC,141.3 Hz,023,1500 Hz,HIGH,OFF,12.5KHz,0,"Denver - Green Valley Ranch",0
271,448.975,443.975,5,-RPT,FM,WE0FUN,TONE ENC,100.0 Hz,023,1500 Hz,HIGH,OFF,12.5KHz,0,"Pueblo West",0
272,449.975,444.975,5,-RPT,FM,WE0FUN,TONE ENC,100.0 Hz,023,1500 Hz,HIGH,OFF,12.5KHz,0,"Salida - Methodist Mountain",0
273,449.975,444.975,5,-RPT,FM,WE0FUN,TONE ENC,100.0 Hz,023,1500 Hz,HIGH,OFF,12.5KHz,0,"Pueblo - Cedarwood",0
274,449.05,444.05,5,-RPT,FM,WG0N,TONE ENC,107.2 Hz,023,1500 Hz,HIGH,OFF,12.5KHz,0,"Idaho Springs - Squaw Mountain",0
275,449,444,5,-RPT,FM,WR0AEN,TONE ENC,136.5 Hz,023,1500 Hz,HIGH,OFF,12.5KHz,0,"Idaho Springs - Squaw Mountain",0
276,145.22,144.62,0.6,-RPT,FM,WT0C,TONE ENC,103.5 Hz,023,1500 Hz,HIGH,OFF,12.5KHz,0,"Golden - Guy Hill",0
277,146.82,146.22,0.6,-RPT,FM,WY7HR,TONE ENC,114.8 Hz,023,1500 Hz,HIGH,OFF,12.5KHz,0,"Laramie - Beacon Hill",0
278,147.105,147.705,0.6,+RPT,FM,WY7HR,TONE ENC,91.5 Hz,023,1500 Hz,HIGH,OFF,12.5KHz,0,"Cheyenne - North Park",0
279,146.775,146.175,0.6,-RPT,FM,WY7HR,TONE ENC,114.8 Hz,023,1500 Hz,HIGH,OFF,12.5KHz,0,"Cheyenne - Denver Hill",0
280,147.165,147.765,0.6,+RPT,FM,WY7HR,TONE ENC,114.8 Hz,023,1500 Hz,HIGH,OFF,12.5KHz,0,"Albin - Peterson Hill",0
281,448.575,443.575,5,-RPT,FM,WZ0N,TONE ENC,103.5 Hz,023,1500 Hz,HIGH,OFF,12.5KHz,0,"Hartsel",0
282,,,,,,,,,,,,,,,,,,,,,,,,,,,,,,,,,,,,,,,,,,,,,,,,,,,,,0
283,,,,,,,,,,,,,,,,,,,,,,,,,,,,,,,,,,,,,,,,,,,,,,,,,,,,,0
284,,,,,,,,,,,,,,,,,,,,,,,,,,,,,,,,,,,,,,,,,,,,,,,,,,,,,0
285,,,,,,,,,,,,,,,,,,,,,,,,,,,,,,,,,,,,,,,,,,,,,,,,,,,,,0
286,,,,,,,,,,,,,,,,,,,,,,,,,,,,,,,,,,,,,,,,,,,,,,,,,,,,,0
287,,,,,,,,,,,,,,,,,,,,,,,,,,,,,,,,,,,,,,,,,,,,,,,,,,,,,0
288,,,,,,,,,,,,,,,,,,,,,,,,,,,,,,,,,,,,,,,,,,,,,,,,,,,,,0
289,,,,,,,,,,,,,,,,,,,,,,,,,,,,,,,,,,,,,,,,,,,,,,,,,,,,,0
290,,,,,,,,,,,,,,,,,,,,,,,,,,,,,,,,,,,,,,,,,,,,,,,,,,,,,0
291,,,,,,,,,,,,,,,,,,,,,,,,,,,,,,,,,,,,,,,,,,,,,,,,,,,,,0
292,,,,,,,,,,,,,,,,,,,,,,,,,,,,,,,,,,,,,,,,,,,,,,,,,,,,,0
293,,,,,,,,,,,,,,,,,,,,,,,,,,,,,,,,,,,,,,,,,,,,,,,,,,,,,0
294,,,,,,,,,,,,,,,,,,,,,,,,,,,,,,,,,,,,,,,,,,,,,,,,,,,,,0
295,,,,,,,,,,,,,,,,,,,,,,,,,,,,,,,,,,,,,,,,,,,,,,,,,,,,,0
296,,,,,,,,,,,,,,,,,,,,,,,,,,,,,,,,,,,,,,,,,,,,,,,,,,,,,0
297,,,,,,,,,,,,,,,,,,,,,,,,,,,,,,,,,,,,,,,,,,,,,,,,,,,,,0
298,,,,,,,,,,,,,,,,,,,,,,,,,,,,,,,,,,,,,,,,,,,,,,,,,,,,,0
299,,,,,,,,,,,,,,,,,,,,,,,,,,,,,,,,,,,,,,,,,,,,,,,,,,,,,0
300,,,,,,,,,,,,,,,,,,,,,,,,,,,,,,,,,,,,,,,,,,,,,,,,,,,,,0
301,,,,,,,,,,,,,,,,,,,,,,,,,,,,,,,,,,,,,,,,,,,,,,,,,,,,,0
302,,,,,,,,,,,,,,,,,,,,,,,,,,,,,,,,,,,,,,,,,,,,,,,,,,,,,0
303,,,,,,,,,,,,,,,,,,,,,,,,,,,,,,,,,,,,,,,,,,,,,,,,,,,,,0
304,,,,,,,,,,,,,,,,,,,,,,,,,,,,,,,,,,,,,,,,,,,,,,,,,,,,,0
305,,,,,,,,,,,,,,,,,,,,,,,,,,,,,,,,,,,,,,,,,,,,,,,,,,,,,0
306,,,,,,,,,,,,,,,,,,,,,,,,,,,,,,,,,,,,,,,,,,,,,,,,,,,,,0
307,,,,,,,,,,,,,,,,,,,,,,,,,,,,,,,,,,,,,,,,,,,,,,,,,,,,,0
308,,,,,,,,,,,,,,,,,,,,,,,,,,,,,,,,,,,,,,,,,,,,,,,,,,,,,0
309,,,,,,,,,,,,,,,,,,,,,,,,,,,,,,,,,,,,,,,,,,,,,,,,,,,,,0
310,,,,,,,,,,,,,,,,,,,,,,,,,,,,,,,,,,,,,,,,,,,,,,,,,,,,,0
311,,,,,,,,,,,,,,,,,,,,,,,,,,,,,,,,,,,,,,,,,,,,,,,,,,,,,0
312,,,,,,,,,,,,,,,,,,,,,,,,,,,,,,,,,,,,,,,,,,,,,,,,,,,,,0
313,,,,,,,,,,,,,,,,,,,,,,,,,,,,,,,,,,,,,,,,,,,,,,,,,,,,,0
314,,,,,,,,,,,,,,,,,,,,,,,,,,,,,,,,,,,,,,,,,,,,,,,,,,,,,0
315,,,,,,,,,,,,,,,,,,,,,,,,,,,,,,,,,,,,,,,,,,,,,,,,,,,,,0
316,,,,,,,,,,,,,,,,,,,,,,,,,,,,,,,,,,,,,,,,,,,,,,,,,,,,,0
317,,,,,,,,,,,,,,,,,,,,,,,,,,,,,,,,,,,,,,,,,,,,,,,,,,,,,0
318,,,,,,,,,,,,,,,,,,,,,,,,,,,,,,,,,,,,,,,,,,,,,,,,,,,,,0
319,,,,,,,,,,,,,,,,,,,,,,,,,,,,,,,,,,,,,,,,,,,,,,,,,,,,,0
320,,,,,,,,,,,,,,,,,,,,,,,,,,,,,,,,,,,,,,,,,,,,,,,,,,,,,0
321,,,,,,,,,,,,,,,,,,,,,,,,,,,,,,,,,,,,,,,,,,,,,,,,,,,,,0
322,,,,,,,,,,,,,,,,,,,,,,,,,,,,,,,,,,,,,,,,,,,,,,,,,,,,,0
323,,,,,,,,,,,,,,,,,,,,,,,,,,,,,,,,,,,,,,,,,,,,,,,,,,,,,0
324,,,,,,,,,,,,,,,,,,,,,,,,,,,,,,,,,,,,,,,,,,,,,,,,,,,,,0
325,,,,,,,,,,,,,,,,,,,,,,,,,,,,,,,,,,,,,,,,,,,,,,,,,,,,,0
326,,,,,,,,,,,,,,,,,,,,,,,,,,,,,,,,,,,,,,,,,,,,,,,,,,,,,0
327,,,,,,,,,,,,,,,,,,,,,,,,,,,,,,,,,,,,,,,,,,,,,,,,,,,,,0
328,,,,,,,,,,,,,,,,,,,,,,,,,,,,,,,,,,,,,,,,,,,,,,,,,,,,,0
329,,,,,,,,,,,,,,,,,,,,,,,,,,,,,,,,,,,,,,,,,,,,,,,,,,,,,0
330,,,,,,,,,,,,,,,,,,,,,,,,,,,,,,,,,,,,,,,,,,,,,,,,,,,,,0
331,,,,,,,,,,,,,,,,,,,,,,,,,,,,,,,,,,,,,,,,,,,,,,,,,,,,,0
332,,,,,,,,,,,,,,,,,,,,,,,,,,,,,,,,,,,,,,,,,,,,,,,,,,,,,0
333,,,,,,,,,,,,,,,,,,,,,,,,,,,,,,,,,,,,,,,,,,,,,,,,,,,,,0
334,,,,,,,,,,,,,,,,,,,,,,,,,,,,,,,,,,,,,,,,,,,,,,,,,,,,,0
335,,,,,,,,,,,,,,,,,,,,,,,,,,,,,,,,,,,,,,,,,,,,,,,,,,,,,0
336,,,,,,,,,,,,,,,,,,,,,,,,,,,,,,,,,,,,,,,,,,,,,,,,,,,,,0
337,,,,,,,,,,,,,,,,,,,,,,,,,,,,,,,,,,,,,,,,,,,,,,,,,,,,,0
338,,,,,,,,,,,,,,,,,,,,,,,,,,,,,,,,,,,,,,,,,,,,,,,,,,,,,0
339,,,,,,,,,,,,,,,,,,,,,,,,,,,,,,,,,,,,,,,,,,,,,,,,,,,,,0
340,,,,,,,,,,,,,,,,,,,,,,,,,,,,,,,,,,,,,,,,,,,,,,,,,,,,,0
341,,,,,,,,,,,,,,,,,,,,,,,,,,,,,,,,,,,,,,,,,,,,,,,,,,,,,0
342,,,,,,,,,,,,,,,,,,,,,,,,,,,,,,,,,,,,,,,,,,,,,,,,,,,,,0
343,,,,,,,,,,,,,,,,,,,,,,,,,,,,,,,,,,,,,,,,,,,,,,,,,,,,,0
344,,,,,,,,,,,,,,,,,,,,,,,,,,,,,,,,,,,,,,,,,,,,,,,,,,,,,0
345,,,,,,,,,,,,,,,,,,,,,,,,,,,,,,,,,,,,,,,,,,,,,,,,,,,,,0
346,,,,,,,,,,,,,,,,,,,,,,,,,,,,,,,,,,,,,,,,,,,,,,,,,,,,,0
347,,,,,,,,,,,,,,,,,,,,,,,,,,,,,,,,,,,,,,,,,,,,,,,,,,,,,0
348,,,,,,,,,,,,,,,,,,,,,,,,,,,,,,,,,,,,,,,,,,,,,,,,,,,,,0
349,,,,,,,,,,,,,,,,,,,,,,,,,,,,,,,,,,,,,,,,,,,,,,,,,,,,,0
350,,,,,,,,,,,,,,,,,,,,,,,,,,,,,,,,,,,,,,,,,,,,,,,,,,,,,0
351,,,,,,,,,,,,,,,,,,,,,,,,,,,,,,,,,,,,,,,,,,,,,,,,,,,,,0
352,,,,,,,,,,,,,,,,,,,,,,,,,,,,,,,,,,,,,,,,,,,,,,,,,,,,,0
353,,,,,,,,,,,,,,,,,,,,,,,,,,,,,,,,,,,,,,,,,,,,,,,,,,,,,0
354,,,,,,,,,,,,,,,,,,,,,,,,,,,,,,,,,,,,,,,,,,,,,,,,,,,,,0
355,,,,,,,,,,,,,,,,,,,,,,,,,,,,,,,,,,,,,,,,,,,,,,,,,,,,,0
356,,,,,,,,,,,,,,,,,,,,,,,,,,,,,,,,,,,,,,,,,,,,,,,,,,,,,0
357,,,,,,,,,,,,,,,,,,,,,,,,,,,,,,,,,,,,,,,,,,,,,,,,,,,,,0
358,,,,,,,,,,,,,,,,,,,,,,,,,,,,,,,,,,,,,,,,,,,,,,,,,,,,,0
359,,,,,,,,,,,,,,,,,,,,,,,,,,,,,,,,,,,,,,,,,,,,,,,,,,,,,0
360,,,,,,,,,,,,,,,,,,,,,,,,,,,,,,,,,,,,,,,,,,,,,,,,,,,,,0
361,,,,,,,,,,,,,,,,,,,,,,,,,,,,,,,,,,,,,,,,,,,,,,,,,,,,,0
362,,,,,,,,,,,,,,,,,,,,,,,,,,,,,,,,,,,,,,,,,,,,,,,,,,,,,0
363,,,,,,,,,,,,,,,,,,,,,,,,,,,,,,,,,,,,,,,,,,,,,,,,,,,,,0
364,,,,,,,,,,,,,,,,,,,,,,,,,,,,,,,,,,,,,,,,,,,,,,,,,,,,,0
365,,,,,,,,,,,,,,,,,,,,,,,,,,,,,,,,,,,,,,,,,,,,,,,,,,,,,0
366,,,,,,,,,,,,,,,,,,,,,,,,,,,,,,,,,,,,,,,,,,,,,,,,,,,,,0
367,,,,,,,,,,,,,,,,,,,,,,,,,,,,,,,,,,,,,,,,,,,,,,,,,,,,,0
368,,,,,,,,,,,,,,,,,,,,,,,,,,,,,,,,,,,,,,,,,,,,,,,,,,,,,0
369,,,,,,,,,,,,,,,,,,,,,,,,,,,,,,,,,,,,,,,,,,,,,,,,,,,,,0
370,,,,,,,,,,,,,,,,,,,,,,,,,,,,,,,,,,,,,,,,,,,,,,,,,,,,,0
371,,,,,,,,,,,,,,,,,,,,,,,,,,,,,,,,,,,,,,,,,,,,,,,,,,,,,0
372,,,,,,,,,,,,,,,,,,,,,,,,,,,,,,,,,,,,,,,,,,,,,,,,,,,,,0
373,,,,,,,,,,,,,,,,,,,,,,,,,,,,,,,,,,,,,,,,,,,,,,,,,,,,,0
374,,,,,,,,,,,,,,,,,,,,,,,,,,,,,,,,,,,,,,,,,,,,,,,,,,,,,0
375,,,,,,,,,,,,,,,,,,,,,,,,,,,,,,,,,,,,,,,,,,,,,,,,,,,,,0
376,,,,,,,,,,,,,,,,,,,,,,,,,,,,,,,,,,,,,,,,,,,,,,,,,,,,,0
377,,,,,,,,,,,,,,,,,,,,,,,,,,,,,,,,,,,,,,,,,,,,,,,,,,,,,0
378,,,,,,,,,,,,,,,,,,,,,,,,,,,,,,,,,,,,,,,,,,,,,,,,,,,,,0
379,,,,,,,,,,,,,,,,,,,,,,,,,,,,,,,,,,,,,,,,,,,,,,,,,,,,,0
380,,,,,,,,,,,,,,,,,,,,,,,,,,,,,,,,,,,,,,,,,,,,,,,,,,,,,0
381,,,,,,,,,,,,,,,,,,,,,,,,,,,,,,,,,,,,,,,,,,,,,,,,,,,,,0
382,,,,,,,,,,,,,,,,,,,,,,,,,,,,,,,,,,,,,,,,,,,,,,,,,,,,,0
383,,,,,,,,,,,,,,,,,,,,,,,,,,,,,,,,,,,,,,,,,,,,,,,,,,,,,0
384,,,,,,,,,,,,,,,,,,,,,,,,,,,,,,,,,,,,,,,,,,,,,,,,,,,,,0
385,,,,,,,,,,,,,,,,,,,,,,,,,,,,,,,,,,,,,,,,,,,,,,,,,,,,,0
386,,,,,,,,,,,,,,,,,,,,,,,,,,,,,,,,,,,,,,,,,,,,,,,,,,,,,0
387,,,,,,,,,,,,,,,,,,,,,,,,,,,,,,,,,,,,,,,,,,,,,,,,,,,,,0
388,,,,,,,,,,,,,,,,,,,,,,,,,,,,,,,,,,,,,,,,,,,,,,,,,,,,,0
389,,,,,,,,,,,,,,,,,,,,,,,,,,,,,,,,,,,,,,,,,,,,,,,,,,,,,0
390,,,,,,,,,,,,,,,,,,,,,,,,,,,,,,,,,,,,,,,,,,,,,,,,,,,,,0
391,,,,,,,,,,,,,,,,,,,,,,,,,,,,,,,,,,,,,,,,,,,,,,,,,,,,,0
392,,,,,,,,,,,,,,,,,,,,,,,,,,,,,,,,,,,,,,,,,,,,,,,,,,,,,0
393,,,,,,,,,,,,,,,,,,,,,,,,,,,,,,,,,,,,,,,,,,,,,,,,,,,,,0
394,,,,,,,,,,,,,,,,,,,,,,,,,,,,,,,,,,,,,,,,,,,,,,,,,,,,,0
395,,,,,,,,,,,,,,,,,,,,,,,,,,,,,,,,,,,,,,,,,,,,,,,,,,,,,0
396,,,,,,,,,,,,,,,,,,,,,,,,,,,,,,,,,,,,,,,,,,,,,,,,,,,,,0
397,,,,,,,,,,,,,,,,,,,,,,,,,,,,,,,,,,,,,,,,,,,,,,,,,,,,,0
398,,,,,,,,,,,,,,,,,,,,,,,,,,,,,,,,,,,,,,,,,,,,,,,,,,,,,0
399,,,,,,,,,,,,,,,,,,,,,,,,,,,,,,,,,,,,,,,,,,,,,,,,,,,,,0
400,,,,,,,,,,,,,,,,,,,,,,,,,,,,,,,,,,,,,,,,,,,,,,,,,,,,,0
401,,,,,,,,,,,,,,,,,,,,,,,,,,,,,,,,,,,,,,,,,,,,,,,,,,,,,0
402,,,,,,,,,,,,,,,,,,,,,,,,,,,,,,,,,,,,,,,,,,,,,,,,,,,,,0
403,,,,,,,,,,,,,,,,,,,,,,,,,,,,,,,,,,,,,,,,,,,,,,,,,,,,,0
404,,,,,,,,,,,,,,,,,,,,,,,,,,,,,,,,,,,,,,,,,,,,,,,,,,,,,0
405,,,,,,,,,,,,,,,,,,,,,,,,,,,,,,,,,,,,,,,,,,,,,,,,,,,,,0
406,,,,,,,,,,,,,,,,,,,,,,,,,,,,,,,,,,,,,,,,,,,,,,,,,,,,,0
407,,,,,,,,,,,,,,,,,,,,,,,,,,,,,,,,,,,,,,,,,,,,,,,,,,,,,0
408,,,,,,,,,,,,,,,,,,,,,,,,,,,,,,,,,,,,,,,,,,,,,,,,,,,,,0
409,,,,,,,,,,,,,,,,,,,,,,,,,,,,,,,,,,,,,,,,,,,,,,,,,,,,,0
410,,,,,,,,,,,,,,,,,,,,,,,,,,,,,,,,,,,,,,,,,,,,,,,,,,,,,0
411,,,,,,,,,,,,,,,,,,,,,,,,,,,,,,,,,,,,,,,,,,,,,,,,,,,,,0
412,,,,,,,,,,,,,,,,,,,,,,,,,,,,,,,,,,,,,,,,,,,,,,,,,,,,,0
413,,,,,,,,,,,,,,,,,,,,,,,,,,,,,,,,,,,,,,,,,,,,,,,,,,,,,0
414,,,,,,,,,,,,,,,,,,,,,,,,,,,,,,,,,,,,,,,,,,,,,,,,,,,,,0
415,,,,,,,,,,,,,,,,,,,,,,,,,,,,,,,,,,,,,,,,,,,,,,,,,,,,,0
416,,,,,,,,,,,,,,,,,,,,,,,,,,,,,,,,,,,,,,,,,,,,,,,,,,,,,0
417,,,,,,,,,,,,,,,,,,,,,,,,,,,,,,,,,,,,,,,,,,,,,,,,,,,,,0
418,,,,,,,,,,,,,,,,,,,,,,,,,,,,,,,,,,,,,,,,,,,,,,,,,,,,,0
419,,,,,,,,,,,,,,,,,,,,,,,,,,,,,,,,,,,,,,,,,,,,,,,,,,,,,0
420,,,,,,,,,,,,,,,,,,,,,,,,,,,,,,,,,,,,,,,,,,,,,,,,,,,,,0
421,,,,,,,,,,,,,,,,,,,,,,,,,,,,,,,,,,,,,,,,,,,,,,,,,,,,,0
422,,,,,,,,,,,,,,,,,,,,,,,,,,,,,,,,,,,,,,,,,,,,,,,,,,,,,0
423,,,,,,,,,,,,,,,,,,,,,,,,,,,,,,,,,,,,,,,,,,,,,,,,,,,,,0
424,,,,,,,,,,,,,,,,,,,,,,,,,,,,,,,,,,,,,,,,,,,,,,,,,,,,,0
425,,,,,,,,,,,,,,,,,,,,,,,,,,,,,,,,,,,,,,,,,,,,,,,,,,,,,0
426,,,,,,,,,,,,,,,,,,,,,,,,,,,,,,,,,,,,,,,,,,,,,,,,,,,,,0
427,,,,,,,,,,,,,,,,,,,,,,,,,,,,,,,,,,,,,,,,,,,,,,,,,,,,,0
428,,,,,,,,,,,,,,,,,,,,,,,,,,,,,,,,,,,,,,,,,,,,,,,,,,,,,0
429,,,,,,,,,,,,,,,,,,,,,,,,,,,,,,,,,,,,,,,,,,,,,,,,,,,,,0
430,,,,,,,,,,,,,,,,,,,,,,,,,,,,,,,,,,,,,,,,,,,,,,,,,,,,,0
431,,,,,,,,,,,,,,,,,,,,,,,,,,,,,,,,,,,,,,,,,,,,,,,,,,,,,0
432,,,,,,,,,,,,,,,,,,,,,,,,,,,,,,,,,,,,,,,,,,,,,,,,,,,,,0
433,,,,,,,,,,,,,,,,,,,,,,,,,,,,,,,,,,,,,,,,,,,,,,,,,,,,,0
434,,,,,,,,,,,,,,,,,,,,,,,,,,,,,,,,,,,,,,,,,,,,,,,,,,,,,0
435,,,,,,,,,,,,,,,,,,,,,,,,,,,,,,,,,,,,,,,,,,,,,,,,,,,,,0
436,,,,,,,,,,,,,,,,,,,,,,,,,,,,,,,,,,,,,,,,,,,,,,,,,,,,,0
437,,,,,,,,,,,,,,,,,,,,,,,,,,,,,,,,,,,,,,,,,,,,,,,,,,,,,0
438,,,,,,,,,,,,,,,,,,,,,,,,,,,,,,,,,,,,,,,,,,,,,,,,,,,,,0
439,,,,,,,,,,,,,,,,,,,,,,,,,,,,,,,,,,,,,,,,,,,,,,,,,,,,,0
440,,,,,,,,,,,,,,,,,,,,,,,,,,,,,,,,,,,,,,,,,,,,,,,,,,,,,0
441,,,,,,,,,,,,,,,,,,,,,,,,,,,,,,,,,,,,,,,,,,,,,,,,,,,,,0
442,,,,,,,,,,,,,,,,,,,,,,,,,,,,,,,,,,,,,,,,,,,,,,,,,,,,,0
443,,,,,,,,,,,,,,,,,,,,,,,,,,,,,,,,,,,,,,,,,,,,,,,,,,,,,0
444,,,,,,,,,,,,,,,,,,,,,,,,,,,,,,,,,,,,,,,,,,,,,,,,,,,,,0
445,,,,,,,,,,,,,,,,,,,,,,,,,,,,,,,,,,,,,,,,,,,,,,,,,,,,,0
446,,,,,,,,,,,,,,,,,,,,,,,,,,,,,,,,,,,,,,,,,,,,,,,,,,,,,0
447,,,,,,,,,,,,,,,,,,,,,,,,,,,,,,,,,,,,,,,,,,,,,,,,,,,,,0
448,,,,,,,,,,,,,,,,,,,,,,,,,,,,,,,,,,,,,,,,,,,,,,,,,,,,,0
449,,,,,,,,,,,,,,,,,,,,,,,,,,,,,,,,,,,,,,,,,,,,,,,,,,,,,0
450,,,,,,,,,,,,,,,,,,,,,,,,,,,,,,,,,,,,,,,,,,,,,,,,,,,,,0
451,,,,,,,,,,,,,,,,,,,,,,,,,,,,,,,,,,,,,,,,,,,,,,,,,,,,,0
452,,,,,,,,,,,,,,,,,,,,,,,,,,,,,,,,,,,,,,,,,,,,,,,,,,,,,0
453,,,,,,,,,,,,,,,,,,,,,,,,,,,,,,,,,,,,,,,,,,,,,,,,,,,,,0
454,,,,,,,,,,,,,,,,,,,,,,,,,,,,,,,,,,,,,,,,,,,,,,,,,,,,,0
455,,,,,,,,,,,,,,,,,,,,,,,,,,,,,,,,,,,,,,,,,,,,,,,,,,,,,0
456,,,,,,,,,,,,,,,,,,,,,,,,,,,,,,,,,,,,,,,,,,,,,,,,,,,,,0
457,,,,,,,,,,,,,,,,,,,,,,,,,,,,,,,,,,,,,,,,,,,,,,,,,,,,,0
458,,,,,,,,,,,,,,,,,,,,,,,,,,,,,,,,,,,,,,,,,,,,,,,,,,,,,0
459,,,,,,,,,,,,,,,,,,,,,,,,,,,,,,,,,,,,,,,,,,,,,,,,,,,,,0
460,,,,,,,,,,,,,,,,,,,,,,,,,,,,,,,,,,,,,,,,,,,,,,,,,,,,,0
461,,,,,,,,,,,,,,,,,,,,,,,,,,,,,,,,,,,,,,,,,,,,,,,,,,,,,0
462,,,,,,,,,,,,,,,,,,,,,,,,,,,,,,,,,,,,,,,,,,,,,,,,,,,,,0
463,,,,,,,,,,,,,,,,,,,,,,,,,,,,,,,,,,,,,,,,,,,,,,,,,,,,,0
464,,,,,,,,,,,,,,,,,,,,,,,,,,,,,,,,,,,,,,,,,,,,,,,,,,,,,0
465,,,,,,,,,,,,,,,,,,,,,,,,,,,,,,,,,,,,,,,,,,,,,,,,,,,,,0
466,,,,,,,,,,,,,,,,,,,,,,,,,,,,,,,,,,,,,,,,,,,,,,,,,,,,,0
467,,,,,,,,,,,,,,,,,,,,,,,,,,,,,,,,,,,,,,,,,,,,,,,,,,,,,0
468,,,,,,,,,,,,,,,,,,,,,,,,,,,,,,,,,,,,,,,,,,,,,,,,,,,,,0
469,,,,,,,,,,,,,,,,,,,,,,,,,,,,,,,,,,,,,,,,,,,,,,,,,,,,,0
470,,,,,,,,,,,,,,,,,,,,,,,,,,,,,,,,,,,,,,,,,,,,,,,,,,,,,0
471,,,,,,,,,,,,,,,,,,,,,,,,,,,,,,,,,,,,,,,,,,,,,,,,,,,,,0
472,,,,,,,,,,,,,,,,,,,,,,,,,,,,,,,,,,,,,,,,,,,,,,,,,,,,,0
473,,,,,,,,,,,,,,,,,,,,,,,,,,,,,,,,,,,,,,,,,,,,,,,,,,,,,0
474,,,,,,,,,,,,,,,,,,,,,,,,,,,,,,,,,,,,,,,,,,,,,,,,,,,,,0
475,,,,,,,,,,,,,,,,,,,,,,,,,,,,,,,,,,,,,,,,,,,,,,,,,,,,,0
476,,,,,,,,,,,,,,,,,,,,,,,,,,,,,,,,,,,,,,,,,,,,,,,,,,,,,0
477,,,,,,,,,,,,,,,,,,,,,,,,,,,,,,,,,,,,,,,,,,,,,,,,,,,,,0
478,,,,,,,,,,,,,,,,,,,,,,,,,,,,,,,,,,,,,,,,,,,,,,,,,,,,,0
479,,,,,,,,,,,,,,,,,,,,,,,,,,,,,,,,,,,,,,,,,,,,,,,,,,,,,0
480,,,,,,,,,,,,,,,,,,,,,,,,,,,,,,,,,,,,,,,,,,,,,,,,,,,,,0
481,,,,,,,,,,,,,,,,,,,,,,,,,,,,,,,,,,,,,,,,,,,,,,,,,,,,,0
482,,,,,,,,,,,,,,,,,,,,,,,,,,,,,,,,,,,,,,,,,,,,,,,,,,,,,0
483,,,,,,,,,,,,,,,,,,,,,,,,,,,,,,,,,,,,,,,,,,,,,,,,,,,,,0
484,,,,,,,,,,,,,,,,,,,,,,,,,,,,,,,,,,,,,,,,,,,,,,,,,,,,,0
485,,,,,,,,,,,,,,,,,,,,,,,,,,,,,,,,,,,,,,,,,,,,,,,,,,,,,0
486,,,,,,,,,,,,,,,,,,,,,,,,,,,,,,,,,,,,,,,,,,,,,,,,,,,,,0
487,,,,,,,,,,,,,,,,,,,,,,,,,,,,,,,,,,,,,,,,,,,,,,,,,,,,,0
488,,,,,,,,,,,,,,,,,,,,,,,,,,,,,,,,,,,,,,,,,,,,,,,,,,,,,0
489,,,,,,,,,,,,,,,,,,,,,,,,,,,,,,,,,,,,,,,,,,,,,,,,,,,,,0
490,,,,,,,,,,,,,,,,,,,,,,,,,,,,,,,,,,,,,,,,,,,,,,,,,,,,,0
491,,,,,,,,,,,,,,,,,,,,,,,,,,,,,,,,,,,,,,,,,,,,,,,,,,,,,0
492,,,,,,,,,,,,,,,,,,,,,,,,,,,,,,,,,,,,,,,,,,,,,,,,,,,,,0
493,,,,,,,,,,,,,,,,,,,,,,,,,,,,,,,,,,,,,,,,,,,,,,,,,,,,,0
494,,,,,,,,,,,,,,,,,,,,,,,,,,,,,,,,,,,,,,,,,,,,,,,,,,,,,0
495,,,,,,,,,,,,,,,,,,,,,,,,,,,,,,,,,,,,,,,,,,,,,,,,,,,,,0
496,,,,,,,,,,,,,,,,,,,,,,,,,,,,,,,,,,,,,,,,,,,,,,,,,,,,,0
497,,,,,,,,,,,,,,,,,,,,,,,,,,,,,,,,,,,,,,,,,,,,,,,,,,,,,0
498,,,,,,,,,,,,,,,,,,,,,,,,,,,,,,,,,,,,,,,,,,,,,,,,,,,,,0
499,,,,,,,,,,,,,,,,,,,,,,,,,,,,,,,,,,,,,,,,,,,,,,,,,,,,,0
500,,,,,,,,,,,,,,,,,,,,,,,,,,,,,,,,,,,,,,,,,,,,,,,,,,,,,0
501,,,,,,,,,,,,,,,,,,,,,,,,,,,,,,,,,,,,,,,,,,,,,,,,,,,,,0
502,,,,,,,,,,,,,,,,,,,,,,,,,,,,,,,,,,,,,,,,,,,,,,,,,,,,,0
503,,,,,,,,,,,,,,,,,,,,,,,,,,,,,,,,,,,,,,,,,,,,,,,,,,,,,0
504,,,,,,,,,,,,,,,,,,,,,,,,,,,,,,,,,,,,,,,,,,,,,,,,,,,,,0
505,,,,,,,,,,,,,,,,,,,,,,,,,,,,,,,,,,,,,,,,,,,,,,,,,,,,,0
506,,,,,,,,,,,,,,,,,,,,,,,,,,,,,,,,,,,,,,,,,,,,,,,,,,,,,0
507,,,,,,,,,,,,,,,,,,,,,,,,,,,,,,,,,,,,,,,,,,,,,,,,,,,,,0
508,,,,,,,,,,,,,,,,,,,,,,,,,,,,,,,,,,,,,,,,,,,,,,,,,,,,,0
509,,,,,,,,,,,,,,,,,,,,,,,,,,,,,,,,,,,,,,,,,,,,,,,,,,,,,0
510,,,,,,,,,,,,,,,,,,,,,,,,,,,,,,,,,,,,,,,,,,,,,,,,,,,,,0
511,,,,,,,,,,,,,,,,,,,,,,,,,,,,,,,,,,,,,,,,,,,,,,,,,,,,,0
512,,,,,,,,,,,,,,,,,,,,,,,,,,,,,,,,,,,,,,,,,,,,,,,,,,,,,0
513,,,,,,,,,,,,,,,,,,,,,,,,,,,,,,,,,,,,,,,,,,,,,,,,,,,,,0
514,,,,,,,,,,,,,,,,,,,,,,,,,,,,,,,,,,,,,,,,,,,,,,,,,,,,,0
515,,,,,,,,,,,,,,,,,,,,,,,,,,,,,,,,,,,,,,,,,,,,,,,,,,,,,0
516,,,,,,,,,,,,,,,,,,,,,,,,,,,,,,,,,,,,,,,,,,,,,,,,,,,,,0
517,,,,,,,,,,,,,,,,,,,,,,,,,,,,,,,,,,,,,,,,,,,,,,,,,,,,,0
518,,,,,,,,,,,,,,,,,,,,,,,,,,,,,,,,,,,,,,,,,,,,,,,,,,,,,0
519,,,,,,,,,,,,,,,,,,,,,,,,,,,,,,,,,,,,,,,,,,,,,,,,,,,,,0
520,,,,,,,,,,,,,,,,,,,,,,,,,,,,,,,,,,,,,,,,,,,,,,,,,,,,,0
521,,,,,,,,,,,,,,,,,,,,,,,,,,,,,,,,,,,,,,,,,,,,,,,,,,,,,0
522,,,,,,,,,,,,,,,,,,,,,,,,,,,,,,,,,,,,,,,,,,,,,,,,,,,,,0
523,,,,,,,,,,,,,,,,,,,,,,,,,,,,,,,,,,,,,,,,,,,,,,,,,,,,,0
524,,,,,,,,,,,,,,,,,,,,,,,,,,,,,,,,,,,,,,,,,,,,,,,,,,,,,0
525,,,,,,,,,,,,,,,,,,,,,,,,,,,,,,,,,,,,,,,,,,,,,,,,,,,,,0
526,,,,,,,,,,,,,,,,,,,,,,,,,,,,,,,,,,,,,,,,,,,,,,,,,,,,,0
527,,,,,,,,,,,,,,,,,,,,,,,,,,,,,,,,,,,,,,,,,,,,,,,,,,,,,0
528,,,,,,,,,,,,,,,,,,,,,,,,,,,,,,,,,,,,,,,,,,,,,,,,,,,,,0
529,,,,,,,,,,,,,,,,,,,,,,,,,,,,,,,,,,,,,,,,,,,,,,,,,,,,,0
530,,,,,,,,,,,,,,,,,,,,,,,,,,,,,,,,,,,,,,,,,,,,,,,,,,,,,0
531,,,,,,,,,,,,,,,,,,,,,,,,,,,,,,,,,,,,,,,,,,,,,,,,,,,,,0
532,,,,,,,,,,,,,,,,,,,,,,,,,,,,,,,,,,,,,,,,,,,,,,,,,,,,,0
533,,,,,,,,,,,,,,,,,,,,,,,,,,,,,,,,,,,,,,,,,,,,,,,,,,,,,0
534,,,,,,,,,,,,,,,,,,,,,,,,,,,,,,,,,,,,,,,,,,,,,,,,,,,,,0
535,,,,,,,,,,,,,,,,,,,,,,,,,,,,,,,,,,,,,,,,,,,,,,,,,,,,,0
536,,,,,,,,,,,,,,,,,,,,,,,,,,,,,,,,,,,,,,,,,,,,,,,,,,,,,0
537,,,,,,,,,,,,,,,,,,,,,,,,,,,,,,,,,,,,,,,,,,,,,,,,,,,,,0
538,,,,,,,,,,,,,,,,,,,,,,,,,,,,,,,,,,,,,,,,,,,,,,,,,,,,,0
539,,,,,,,,,,,,,,,,,,,,,,,,,,,,,,,,,,,,,,,,,,,,,,,,,,,,,0
540,,,,,,,,,,,,,,,,,,,,,,,,,,,,,,,,,,,,,,,,,,,,,,,,,,,,,0
541,,,,,,,,,,,,,,,,,,,,,,,,,,,,,,,,,,,,,,,,,,,,,,,,,,,,,0
542,,,,,,,,,,,,,,,,,,,,,,,,,,,,,,,,,,,,,,,,,,,,,,,,,,,,,0
543,,,,,,,,,,,,,,,,,,,,,,,,,,,,,,,,,,,,,,,,,,,,,,,,,,,,,0
544,,,,,,,,,,,,,,,,,,,,,,,,,,,,,,,,,,,,,,,,,,,,,,,,,,,,,0
545,,,,,,,,,,,,,,,,,,,,,,,,,,,,,,,,,,,,,,,,,,,,,,,,,,,,,0
546,,,,,,,,,,,,,,,,,,,,,,,,,,,,,,,,,,,,,,,,,,,,,,,,,,,,,0
547,,,,,,,,,,,,,,,,,,,,,,,,,,,,,,,,,,,,,,,,,,,,,,,,,,,,,0
548,,,,,,,,,,,,,,,,,,,,,,,,,,,,,,,,,,,,,,,,,,,,,,,,,,,,,0
549,,,,,,,,,,,,,,,,,,,,,,,,,,,,,,,,,,,,,,,,,,,,,,,,,,,,,0
550,,,,,,,,,,,,,,,,,,,,,,,,,,,,,,,,,,,,,,,,,,,,,,,,,,,,,0
551,,,,,,,,,,,,,,,,,,,,,,,,,,,,,,,,,,,,,,,,,,,,,,,,,,,,,0
552,,,,,,,,,,,,,,,,,,,,,,,,,,,,,,,,,,,,,,,,,,,,,,,,,,,,,0
553,,,,,,,,,,,,,,,,,,,,,,,,,,,,,,,,,,,,,,,,,,,,,,,,,,,,,0
554,,,,,,,,,,,,,,,,,,,,,,,,,,,,,,,,,,,,,,,,,,,,,,,,,,,,,0
555,,,,,,,,,,,,,,,,,,,,,,,,,,,,,,,,,,,,,,,,,,,,,,,,,,,,,0
556,,,,,,,,,,,,,,,,,,,,,,,,,,,,,,,,,,,,,,,,,,,,,,,,,,,,,0
557,,,,,,,,,,,,,,,,,,,,,,,,,,,,,,,,,,,,,,,,,,,,,,,,,,,,,0
558,,,,,,,,,,,,,,,,,,,,,,,,,,,,,,,,,,,,,,,,,,,,,,,,,,,,,0
559,,,,,,,,,,,,,,,,,,,,,,,,,,,,,,,,,,,,,,,,,,,,,,,,,,,,,0
560,,,,,,,,,,,,,,,,,,,,,,,,,,,,,,,,,,,,,,,,,,,,,,,,,,,,,0
561,,,,,,,,,,,,,,,,,,,,,,,,,,,,,,,,,,,,,,,,,,,,,,,,,,,,,0
562,,,,,,,,,,,,,,,,,,,,,,,,,,,,,,,,,,,,,,,,,,,,,,,,,,,,,0
563,,,,,,,,,,,,,,,,,,,,,,,,,,,,,,,,,,,,,,,,,,,,,,,,,,,,,0
564,,,,,,,,,,,,,,,,,,,,,,,,,,,,,,,,,,,,,,,,,,,,,,,,,,,,,0
565,,,,,,,,,,,,,,,,,,,,,,,,,,,,,,,,,,,,,,,,,,,,,,,,,,,,,0
566,,,,,,,,,,,,,,,,,,,,,,,,,,,,,,,,,,,,,,,,,,,,,,,,,,,,,0
567,,,,,,,,,,,,,,,,,,,,,,,,,,,,,,,,,,,,,,,,,,,,,,,,,,,,,0
568,,,,,,,,,,,,,,,,,,,,,,,,,,,,,,,,,,,,,,,,,,,,,,,,,,,,,0
569,,,,,,,,,,,,,,,,,,,,,,,,,,,,,,,,,,,,,,,,,,,,,,,,,,,,,0
570,,,,,,,,,,,,,,,,,,,,,,,,,,,,,,,,,,,,,,,,,,,,,,,,,,,,,0
571,,,,,,,,,,,,,,,,,,,,,,,,,,,,,,,,,,,,,,,,,,,,,,,,,,,,,0
572,,,,,,,,,,,,,,,,,,,,,,,,,,,,,,,,,,,,,,,,,,,,,,,,,,,,,0
573,,,,,,,,,,,,,,,,,,,,,,,,,,,,,,,,,,,,,,,,,,,,,,,,,,,,,0
574,,,,,,,,,,,,,,,,,,,,,,,,,,,,,,,,,,,,,,,,,,,,,,,,,,,,,0
575,,,,,,,,,,,,,,,,,,,,,,,,,,,,,,,,,,,,,,,,,,,,,,,,,,,,,0
576,,,,,,,,,,,,,,,,,,,,,,,,,,,,,,,,,,,,,,,,,,,,,,,,,,,,,0
577,,,,,,,,,,,,,,,,,,,,,,,,,,,,,,,,,,,,,,,,,,,,,,,,,,,,,0
578,,,,,,,,,,,,,,,,,,,,,,,,,,,,,,,,,,,,,,,,,,,,,,,,,,,,,0
579,,,,,,,,,,,,,,,,,,,,,,,,,,,,,,,,,,,,,,,,,,,,,,,,,,,,,0
580,,,,,,,,,,,,,,,,,,,,,,,,,,,,,,,,,,,,,,,,,,,,,,,,,,,,,0
581,,,,,,,,,,,,,,,,,,,,,,,,,,,,,,,,,,,,,,,,,,,,,,,,,,,,,0
582,,,,,,,,,,,,,,,,,,,,,,,,,,,,,,,,,,,,,,,,,,,,,,,,,,,,,0
583,,,,,,,,,,,,,,,,,,,,,,,,,,,,,,,,,,,,,,,,,,,,,,,,,,,,,0
584,,,,,,,,,,,,,,,,,,,,,,,,,,,,,,,,,,,,,,,,,,,,,,,,,,,,,0
585,,,,,,,,,,,,,,,,,,,,,,,,,,,,,,,,,,,,,,,,,,,,,,,,,,,,,0
586,,,,,,,,,,,,,,,,,,,,,,,,,,,,,,,,,,,,,,,,,,,,,,,,,,,,,0
587,,,,,,,,,,,,,,,,,,,,,,,,,,,,,,,,,,,,,,,,,,,,,,,,,,,,,0
588,,,,,,,,,,,,,,,,,,,,,,,,,,,,,,,,,,,,,,,,,,,,,,,,,,,,,0
589,,,,,,,,,,,,,,,,,,,,,,,,,,,,,,,,,,,,,,,,,,,,,,,,,,,,,0
590,,,,,,,,,,,,,,,,,,,,,,,,,,,,,,,,,,,,,,,,,,,,,,,,,,,,,0
591,,,,,,,,,,,,,,,,,,,,,,,,,,,,,,,,,,,,,,,,,,,,,,,,,,,,,0
592,,,,,,,,,,,,,,,,,,,,,,,,,,,,,,,,,,,,,,,,,,,,,,,,,,,,,0
593,,,,,,,,,,,,,,,,,,,,,,,,,,,,,,,,,,,,,,,,,,,,,,,,,,,,,0
594,,,,,,,,,,,,,,,,,,,,,,,,,,,,,,,,,,,,,,,,,,,,,,,,,,,,,0
595,,,,,,,,,,,,,,,,,,,,,,,,,,,,,,,,,,,,,,,,,,,,,,,,,,,,,0
596,,,,,,,,,,,,,,,,,,,,,,,,,,,,,,,,,,,,,,,,,,,,,,,,,,,,,0
597,,,,,,,,,,,,,,,,,,,,,,,,,,,,,,,,,,,,,,,,,,,,,,,,,,,,,0
598,,,,,,,,,,,,,,,,,,,,,,,,,,,,,,,,,,,,,,,,,,,,,,,,,,,,,0
599,,,,,,,,,,,,,,,,,,,,,,,,,,,,,,,,,,,,,,,,,,,,,,,,,,,,,0
600,,,,,,,,,,,,,,,,,,,,,,,,,,,,,,,,,,,,,,,,,,,,,,,,,,,,,0
601,,,,,,,,,,,,,,,,,,,,,,,,,,,,,,,,,,,,,,,,,,,,,,,,,,,,,0
602,,,,,,,,,,,,,,,,,,,,,,,,,,,,,,,,,,,,,,,,,,,,,,,,,,,,,0
603,,,,,,,,,,,,,,,,,,,,,,,,,,,,,,,,,,,,,,,,,,,,,,,,,,,,,0
604,,,,,,,,,,,,,,,,,,,,,,,,,,,,,,,,,,,,,,,,,,,,,,,,,,,,,0
605,,,,,,,,,,,,,,,,,,,,,,,,,,,,,,,,,,,,,,,,,,,,,,,,,,,,,0
606,,,,,,,,,,,,,,,,,,,,,,,,,,,,,,,,,,,,,,,,,,,,,,,,,,,,,0
607,,,,,,,,,,,,,,,,,,,,,,,,,,,,,,,,,,,,,,,,,,,,,,,,,,,,,0
608,,,,,,,,,,,,,,,,,,,,,,,,,,,,,,,,,,,,,,,,,,,,,,,,,,,,,0
609,,,,,,,,,,,,,,,,,,,,,,,,,,,,,,,,,,,,,,,,,,,,,,,,,,,,,0
610,,,,,,,,,,,,,,,,,,,,,,,,,,,,,,,,,,,,,,,,,,,,,,,,,,,,,0
611,,,,,,,,,,,,,,,,,,,,,,,,,,,,,,,,,,,,,,,,,,,,,,,,,,,,,0
612,,,,,,,,,,,,,,,,,,,,,,,,,,,,,,,,,,,,,,,,,,,,,,,,,,,,,0
613,,,,,,,,,,,,,,,,,,,,,,,,,,,,,,,,,,,,,,,,,,,,,,,,,,,,,0
614,,,,,,,,,,,,,,,,,,,,,,,,,,,,,,,,,,,,,,,,,,,,,,,,,,,,,0
615,,,,,,,,,,,,,,,,,,,,,,,,,,,,,,,,,,,,,,,,,,,,,,,,,,,,,0
616,,,,,,,,,,,,,,,,,,,,,,,,,,,,,,,,,,,,,,,,,,,,,,,,,,,,,0
617,,,,,,,,,,,,,,,,,,,,,,,,,,,,,,,,,,,,,,,,,,,,,,,,,,,,,0
618,,,,,,,,,,,,,,,,,,,,,,,,,,,,,,,,,,,,,,,,,,,,,,,,,,,,,0
619,,,,,,,,,,,,,,,,,,,,,,,,,,,,,,,,,,,,,,,,,,,,,,,,,,,,,0
620,,,,,,,,,,,,,,,,,,,,,,,,,,,,,,,,,,,,,,,,,,,,,,,,,,,,,0
621,,,,,,,,,,,,,,,,,,,,,,,,,,,,,,,,,,,,,,,,,,,,,,,,,,,,,0
622,,,,,,,,,,,,,,,,,,,,,,,,,,,,,,,,,,,,,,,,,,,,,,,,,,,,,0
623,,,,,,,,,,,,,,,,,,,,,,,,,,,,,,,,,,,,,,,,,,,,,,,,,,,,,0
624,,,,,,,,,,,,,,,,,,,,,,,,,,,,,,,,,,,,,,,,,,,,,,,,,,,,,0
625,,,,,,,,,,,,,,,,,,,,,,,,,,,,,,,,,,,,,,,,,,,,,,,,,,,,,0
626,,,,,,,,,,,,,,,,,,,,,,,,,,,,,,,,,,,,,,,,,,,,,,,,,,,,,0
627,,,,,,,,,,,,,,,,,,,,,,,,,,,,,,,,,,,,,,,,,,,,,,,,,,,,,0
628,,,,,,,,,,,,,,,,,,,,,,,,,,,,,,,,,,,,,,,,,,,,,,,,,,,,,0
629,,,,,,,,,,,,,,,,,,,,,,,,,,,,,,,,,,,,,,,,,,,,,,,,,,,,,0
630,,,,,,,,,,,,,,,,,,,,,,,,,,,,,,,,,,,,,,,,,,,,,,,,,,,,,0
631,,,,,,,,,,,,,,,,,,,,,,,,,,,,,,,,,,,,,,,,,,,,,,,,,,,,,0
632,,,,,,,,,,,,,,,,,,,,,,,,,,,,,,,,,,,,,,,,,,,,,,,,,,,,,0
633,,,,,,,,,,,,,,,,,,,,,,,,,,,,,,,,,,,,,,,,,,,,,,,,,,,,,0
634,,,,,,,,,,,,,,,,,,,,,,,,,,,,,,,,,,,,,,,,,,,,,,,,,,,,,0
635,,,,,,,,,,,,,,,,,,,,,,,,,,,,,,,,,,,,,,,,,,,,,,,,,,,,,0
636,,,,,,,,,,,,,,,,,,,,,,,,,,,,,,,,,,,,,,,,,,,,,,,,,,,,,0
637,,,,,,,,,,,,,,,,,,,,,,,,,,,,,,,,,,,,,,,,,,,,,,,,,,,,,0
638,,,,,,,,,,,,,,,,,,,,,,,,,,,,,,,,,,,,,,,,,,,,,,,,,,,,,0
639,,,,,,,,,,,,,,,,,,,,,,,,,,,,,,,,,,,,,,,,,,,,,,,,,,,,,0
640,,,,,,,,,,,,,,,,,,,,,,,,,,,,,,,,,,,,,,,,,,,,,,,,,,,,,0
641,,,,,,,,,,,,,,,,,,,,,,,,,,,,,,,,,,,,,,,,,,,,,,,,,,,,,0
642,,,,,,,,,,,,,,,,,,,,,,,,,,,,,,,,,,,,,,,,,,,,,,,,,,,,,0
643,,,,,,,,,,,,,,,,,,,,,,,,,,,,,,,,,,,,,,,,,,,,,,,,,,,,,0
644,,,,,,,,,,,,,,,,,,,,,,,,,,,,,,,,,,,,,,,,,,,,,,,,,,,,,0
645,,,,,,,,,,,,,,,,,,,,,,,,,,,,,,,,,,,,,,,,,,,,,,,,,,,,,0
646,,,,,,,,,,,,,,,,,,,,,,,,,,,,,,,,,,,,,,,,,,,,,,,,,,,,,0
647,,,,,,,,,,,,,,,,,,,,,,,,,,,,,,,,,,,,,,,,,,,,,,,,,,,,,0
648,,,,,,,,,,,,,,,,,,,,,,,,,,,,,,,,,,,,,,,,,,,,,,,,,,,,,0
649,,,,,,,,,,,,,,,,,,,,,,,,,,,,,,,,,,,,,,,,,,,,,,,,,,,,,0
650,,,,,,,,,,,,,,,,,,,,,,,,,,,,,,,,,,,,,,,,,,,,,,,,,,,,,0
651,,,,,,,,,,,,,,,,,,,,,,,,,,,,,,,,,,,,,,,,,,,,,,,,,,,,,0
652,,,,,,,,,,,,,,,,,,,,,,,,,,,,,,,,,,,,,,,,,,,,,,,,,,,,,0
653,,,,,,,,,,,,,,,,,,,,,,,,,,,,,,,,,,,,,,,,,,,,,,,,,,,,,0
654,,,,,,,,,,,,,,,,,,,,,,,,,,,,,,,,,,,,,,,,,,,,,,,,,,,,,0
655,,,,,,,,,,,,,,,,,,,,,,,,,,,,,,,,,,,,,,,,,,,,,,,,,,,,,0
656,,,,,,,,,,,,,,,,,,,,,,,,,,,,,,,,,,,,,,,,,,,,,,,,,,,,,0
657,,,,,,,,,,,,,,,,,,,,,,,,,,,,,,,,,,,,,,,,,,,,,,,,,,,,,0
658,,,,,,,,,,,,,,,,,,,,,,,,,,,,,,,,,,,,,,,,,,,,,,,,,,,,,0
659,,,,,,,,,,,,,,,,,,,,,,,,,,,,,,,,,,,,,,,,,,,,,,,,,,,,,0
660,,,,,,,,,,,,,,,,,,,,,,,,,,,,,,,,,,,,,,,,,,,,,,,,,,,,,0
661,,,,,,,,,,,,,,,,,,,,,,,,,,,,,,,,,,,,,,,,,,,,,,,,,,,,,0
662,,,,,,,,,,,,,,,,,,,,,,,,,,,,,,,,,,,,,,,,,,,,,,,,,,,,,0
663,,,,,,,,,,,,,,,,,,,,,,,,,,,,,,,,,,,,,,,,,,,,,,,,,,,,,0
664,,,,,,,,,,,,,,,,,,,,,,,,,,,,,,,,,,,,,,,,,,,,,,,,,,,,,0
665,,,,,,,,,,,,,,,,,,,,,,,,,,,,,,,,,,,,,,,,,,,,,,,,,,,,,0
666,,,,,,,,,,,,,,,,,,,,,,,,,,,,,,,,,,,,,,,,,,,,,,,,,,,,,0
667,,,,,,,,,,,,,,,,,,,,,,,,,,,,,,,,,,,,,,,,,,,,,,,,,,,,,0
668,,,,,,,,,,,,,,,,,,,,,,,,,,,,,,,,,,,,,,,,,,,,,,,,,,,,,0
669,,,,,,,,,,,,,,,,,,,,,,,,,,,,,,,,,,,,,,,,,,,,,,,,,,,,,0
670,,,,,,,,,,,,,,,,,,,,,,,,,,,,,,,,,,,,,,,,,,,,,,,,,,,,,0
671,,,,,,,,,,,,,,,,,,,,,,,,,,,,,,,,,,,,,,,,,,,,,,,,,,,,,0
672,,,,,,,,,,,,,,,,,,,,,,,,,,,,,,,,,,,,,,,,,,,,,,,,,,,,,0
673,,,,,,,,,,,,,,,,,,,,,,,,,,,,,,,,,,,,,,,,,,,,,,,,,,,,,0
674,,,,,,,,,,,,,,,,,,,,,,,,,,,,,,,,,,,,,,,,,,,,,,,,,,,,,0
675,,,,,,,,,,,,,,,,,,,,,,,,,,,,,,,,,,,,,,,,,,,,,,,,,,,,,0
676,,,,,,,,,,,,,,,,,,,,,,,,,,,,,,,,,,,,,,,,,,,,,,,,,,,,,0
677,,,,,,,,,,,,,,,,,,,,,,,,,,,,,,,,,,,,,,,,,,,,,,,,,,,,,0
678,,,,,,,,,,,,,,,,,,,,,,,,,,,,,,,,,,,,,,,,,,,,,,,,,,,,,0
679,,,,,,,,,,,,,,,,,,,,,,,,,,,,,,,,,,,,,,,,,,,,,,,,,,,,,0
680,,,,,,,,,,,,,,,,,,,,,,,,,,,,,,,,,,,,,,,,,,,,,,,,,,,,,0
681,,,,,,,,,,,,,,,,,,,,,,,,,,,,,,,,,,,,,,,,,,,,,,,,,,,,,0
682,,,,,,,,,,,,,,,,,,,,,,,,,,,,,,,,,,,,,,,,,,,,,,,,,,,,,0
683,,,,,,,,,,,,,,,,,,,,,,,,,,,,,,,,,,,,,,,,,,,,,,,,,,,,,0
684,,,,,,,,,,,,,,,,,,,,,,,,,,,,,,,,,,,,,,,,,,,,,,,,,,,,,0
685,,,,,,,,,,,,,,,,,,,,,,,,,,,,,,,,,,,,,,,,,,,,,,,,,,,,,0
686,,,,,,,,,,,,,,,,,,,,,,,,,,,,,,,,,,,,,,,,,,,,,,,,,,,,,0
687,,,,,,,,,,,,,,,,,,,,,,,,,,,,,,,,,,,,,,,,,,,,,,,,,,,,,0
688,,,,,,,,,,,,,,,,,,,,,,,,,,,,,,,,,,,,,,,,,,,,,,,,,,,,,0
689,,,,,,,,,,,,,,,,,,,,,,,,,,,,,,,,,,,,,,,,,,,,,,,,,,,,,0
690,,,,,,,,,,,,,,,,,,,,,,,,,,,,,,,,,,,,,,,,,,,,,,,,,,,,,0
691,,,,,,,,,,,,,,,,,,,,,,,,,,,,,,,,,,,,,,,,,,,,,,,,,,,,,0
692,,,,,,,,,,,,,,,,,,,,,,,,,,,,,,,,,,,,,,,,,,,,,,,,,,,,,0
693,,,,,,,,,,,,,,,,,,,,,,,,,,,,,,,,,,,,,,,,,,,,,,,,,,,,,0
694,,,,,,,,,,,,,,,,,,,,,,,,,,,,,,,,,,,,,,,,,,,,,,,,,,,,,0
695,,,,,,,,,,,,,,,,,,,,,,,,,,,,,,,,,,,,,,,,,,,,,,,,,,,,,0
696,,,,,,,,,,,,,,,,,,,,,,,,,,,,,,,,,,,,,,,,,,,,,,,,,,,,,0
697,,,,,,,,,,,,,,,,,,,,,,,,,,,,,,,,,,,,,,,,,,,,,,,,,,,,,0
698,,,,,,,,,,,,,,,,,,,,,,,,,,,,,,,,,,,,,,,,,,,,,,,,,,,,,0
699,,,,,,,,,,,,,,,,,,,,,,,,,,,,,,,,,,,,,,,,,,,,,,,,,,,,,0
700,,,,,,,,,,,,,,,,,,,,,,,,,,,,,,,,,,,,,,,,,,,,,,,,,,,,,0
701,,,,,,,,,,,,,,,,,,,,,,,,,,,,,,,,,,,,,,,,,,,,,,,,,,,,,0
702,,,,,,,,,,,,,,,,,,,,,,,,,,,,,,,,,,,,,,,,,,,,,,,,,,,,,0
703,,,,,,,,,,,,,,,,,,,,,,,,,,,,,,,,,,,,,,,,,,,,,,,,,,,,,0
704,,,,,,,,,,,,,,,,,,,,,,,,,,,,,,,,,,,,,,,,,,,,,,,,,,,,,0
705,,,,,,,,,,,,,,,,,,,,,,,,,,,,,,,,,,,,,,,,,,,,,,,,,,,,,0
706,,,,,,,,,,,,,,,,,,,,,,,,,,,,,,,,,,,,,,,,,,,,,,,,,,,,,0
707,,,,,,,,,,,,,,,,,,,,,,,,,,,,,,,,,,,,,,,,,,,,,,,,,,,,,0
708,,,,,,,,,,,,,,,,,,,,,,,,,,,,,,,,,,,,,,,,,,,,,,,,,,,,,0
709,,,,,,,,,,,,,,,,,,,,,,,,,,,,,,,,,,,,,,,,,,,,,,,,,,,,,0
710,,,,,,,,,,,,,,,,,,,,,,,,,,,,,,,,,,,,,,,,,,,,,,,,,,,,,0
711,,,,,,,,,,,,,,,,,,,,,,,,,,,,,,,,,,,,,,,,,,,,,,,,,,,,,0
712,,,,,,,,,,,,,,,,,,,,,,,,,,,,,,,,,,,,,,,,,,,,,,,,,,,,,0
713,,,,,,,,,,,,,,,,,,,,,,,,,,,,,,,,,,,,,,,,,,,,,,,,,,,,,0
714,,,,,,,,,,,,,,,,,,,,,,,,,,,,,,,,,,,,,,,,,,,,,,,,,,,,,0
715,,,,,,,,,,,,,,,,,,,,,,,,,,,,,,,,,,,,,,,,,,,,,,,,,,,,,0
716,,,,,,,,,,,,,,,,,,,,,,,,,,,,,,,,,,,,,,,,,,,,,,,,,,,,,0
717,,,,,,,,,,,,,,,,,,,,,,,,,,,,,,,,,,,,,,,,,,,,,,,,,,,,,0
718,,,,,,,,,,,,,,,,,,,,,,,,,,,,,,,,,,,,,,,,,,,,,,,,,,,,,0
719,,,,,,,,,,,,,,,,,,,,,,,,,,,,,,,,,,,,,,,,,,,,,,,,,,,,,0
720,,,,,,,,,,,,,,,,,,,,,,,,,,,,,,,,,,,,,,,,,,,,,,,,,,,,,0
721,,,,,,,,,,,,,,,,,,,,,,,,,,,,,,,,,,,,,,,,,,,,,,,,,,,,,0
722,,,,,,,,,,,,,,,,,,,,,,,,,,,,,,,,,,,,,,,,,,,,,,,,,,,,,0
723,,,,,,,,,,,,,,,,,,,,,,,,,,,,,,,,,,,,,,,,,,,,,,,,,,,,,0
724,,,,,,,,,,,,,,,,,,,,,,,,,,,,,,,,,,,,,,,,,,,,,,,,,,,,,0
725,,,,,,,,,,,,,,,,,,,,,,,,,,,,,,,,,,,,,,,,,,,,,,,,,,,,,0
726,,,,,,,,,,,,,,,,,,,,,,,,,,,,,,,,,,,,,,,,,,,,,,,,,,,,,0
727,,,,,,,,,,,,,,,,,,,,,,,,,,,,,,,,,,,,,,,,,,,,,,,,,,,,,0
728,,,,,,,,,,,,,,,,,,,,,,,,,,,,,,,,,,,,,,,,,,,,,,,,,,,,,0
729,,,,,,,,,,,,,,,,,,,,,,,,,,,,,,,,,,,,,,,,,,,,,,,,,,,,,0
730,,,,,,,,,,,,,,,,,,,,,,,,,,,,,,,,,,,,,,,,,,,,,,,,,,,,,0
731,,,,,,,,,,,,,,,,,,,,,,,,,,,,,,,,,,,,,,,,,,,,,,,,,,,,,0
732,,,,,,,,,,,,,,,,,,,,,,,,,,,,,,,,,,,,,,,,,,,,,,,,,,,,,0
733,,,,,,,,,,,,,,,,,,,,,,,,,,,,,,,,,,,,,,,,,,,,,,,,,,,,,0
734,,,,,,,,,,,,,,,,,,,,,,,,,,,,,,,,,,,,,,,,,,,,,,,,,,,,,0
735,,,,,,,,,,,,,,,,,,,,,,,,,,,,,,,,,,,,,,,,,,,,,,,,,,,,,0
736,,,,,,,,,,,,,,,,,,,,,,,,,,,,,,,,,,,,,,,,,,,,,,,,,,,,,0
737,,,,,,,,,,,,,,,,,,,,,,,,,,,,,,,,,,,,,,,,,,,,,,,,,,,,,0
738,,,,,,,,,,,,,,,,,,,,,,,,,,,,,,,,,,,,,,,,,,,,,,,,,,,,,0
739,,,,,,,,,,,,,,,,,,,,,,,,,,,,,,,,,,,,,,,,,,,,,,,,,,,,,0
740,,,,,,,,,,,,,,,,,,,,,,,,,,,,,,,,,,,,,,,,,,,,,,,,,,,,,0
741,,,,,,,,,,,,,,,,,,,,,,,,,,,,,,,,,,,,,,,,,,,,,,,,,,,,,0
742,,,,,,,,,,,,,,,,,,,,,,,,,,,,,,,,,,,,,,,,,,,,,,,,,,,,,0
743,,,,,,,,,,,,,,,,,,,,,,,,,,,,,,,,,,,,,,,,,,,,,,,,,,,,,0
744,,,,,,,,,,,,,,,,,,,,,,,,,,,,,,,,,,,,,,,,,,,,,,,,,,,,,0
745,,,,,,,,,,,,,,,,,,,,,,,,,,,,,,,,,,,,,,,,,,,,,,,,,,,,,0
746,,,,,,,,,,,,,,,,,,,,,,,,,,,,,,,,,,,,,,,,,,,,,,,,,,,,,0
747,,,,,,,,,,,,,,,,,,,,,,,,,,,,,,,,,,,,,,,,,,,,,,,,,,,,,0
748,,,,,,,,,,,,,,,,,,,,,,,,,,,,,,,,,,,,,,,,,,,,,,,,,,,,,0
749,,,,,,,,,,,,,,,,,,,,,,,,,,,,,,,,,,,,,,,,,,,,,,,,,,,,,0
750,,,,,,,,,,,,,,,,,,,,,,,,,,,,,,,,,,,,,,,,,,,,,,,,,,,,,0
751,,,,,,,,,,,,,,,,,,,,,,,,,,,,,,,,,,,,,,,,,,,,,,,,,,,,,0
752,,,,,,,,,,,,,,,,,,,,,,,,,,,,,,,,,,,,,,,,,,,,,,,,,,,,,0
753,,,,,,,,,,,,,,,,,,,,,,,,,,,,,,,,,,,,,,,,,,,,,,,,,,,,,0
754,,,,,,,,,,,,,,,,,,,,,,,,,,,,,,,,,,,,,,,,,,,,,,,,,,,,,0
755,,,,,,,,,,,,,,,,,,,,,,,,,,,,,,,,,,,,,,,,,,,,,,,,,,,,,0
756,,,,,,,,,,,,,,,,,,,,,,,,,,,,,,,,,,,,,,,,,,,,,,,,,,,,,0
757,,,,,,,,,,,,,,,,,,,,,,,,,,,,,,,,,,,,,,,,,,,,,,,,,,,,,0
758,,,,,,,,,,,,,,,,,,,,,,,,,,,,,,,,,,,,,,,,,,,,,,,,,,,,,0
759,,,,,,,,,,,,,,,,,,,,,,,,,,,,,,,,,,,,,,,,,,,,,,,,,,,,,0
760,,,,,,,,,,,,,,,,,,,,,,,,,,,,,,,,,,,,,,,,,,,,,,,,,,,,,0
761,,,,,,,,,,,,,,,,,,,,,,,,,,,,,,,,,,,,,,,,,,,,,,,,,,,,,0
762,,,,,,,,,,,,,,,,,,,,,,,,,,,,,,,,,,,,,,,,,,,,,,,,,,,,,0
763,,,,,,,,,,,,,,,,,,,,,,,,,,,,,,,,,,,,,,,,,,,,,,,,,,,,,0
764,,,,,,,,,,,,,,,,,,,,,,,,,,,,,,,,,,,,,,,,,,,,,,,,,,,,,0
765,,,,,,,,,,,,,,,,,,,,,,,,,,,,,,,,,,,,,,,,,,,,,,,,,,,,,0
766,,,,,,,,,,,,,,,,,,,,,,,,,,,,,,,,,,,,,,,,,,,,,,,,,,,,,0
767,,,,,,,,,,,,,,,,,,,,,,,,,,,,,,,,,,,,,,,,,,,,,,,,,,,,,0
768,,,,,,,,,,,,,,,,,,,,,,,,,,,,,,,,,,,,,,,,,,,,,,,,,,,,,0
769,,,,,,,,,,,,,,,,,,,,,,,,,,,,,,,,,,,,,,,,,,,,,,,,,,,,,0
770,,,,,,,,,,,,,,,,,,,,,,,,,,,,,,,,,,,,,,,,,,,,,,,,,,,,,0
771,,,,,,,,,,,,,,,,,,,,,,,,,,,,,,,,,,,,,,,,,,,,,,,,,,,,,0
772,,,,,,,,,,,,,,,,,,,,,,,,,,,,,,,,,,,,,,,,,,,,,,,,,,,,,0
773,,,,,,,,,,,,,,,,,,,,,,,,,,,,,,,,,,,,,,,,,,,,,,,,,,,,,0
774,,,,,,,,,,,,,,,,,,,,,,,,,,,,,,,,,,,,,,,,,,,,,,,,,,,,,0
775,,,,,,,,,,,,,,,,,,,,,,,,,,,,,,,,,,,,,,,,,,,,,,,,,,,,,0
776,,,,,,,,,,,,,,,,,,,,,,,,,,,,,,,,,,,,,,,,,,,,,,,,,,,,,0
777,,,,,,,,,,,,,,,,,,,,,,,,,,,,,,,,,,,,,,,,,,,,,,,,,,,,,0
778,,,,,,,,,,,,,,,,,,,,,,,,,,,,,,,,,,,,,,,,,,,,,,,,,,,,,0
779,,,,,,,,,,,,,,,,,,,,,,,,,,,,,,,,,,,,,,,,,,,,,,,,,,,,,0
780,,,,,,,,,,,,,,,,,,,,,,,,,,,,,,,,,,,,,,,,,,,,,,,,,,,,,0
781,,,,,,,,,,,,,,,,,,,,,,,,,,,,,,,,,,,,,,,,,,,,,,,,,,,,,0
782,,,,,,,,,,,,,,,,,,,,,,,,,,,,,,,,,,,,,,,,,,,,,,,,,,,,,0
783,,,,,,,,,,,,,,,,,,,,,,,,,,,,,,,,,,,,,,,,,,,,,,,,,,,,,0
784,,,,,,,,,,,,,,,,,,,,,,,,,,,,,,,,,,,,,,,,,,,,,,,,,,,,,0
785,,,,,,,,,,,,,,,,,,,,,,,,,,,,,,,,,,,,,,,,,,,,,,,,,,,,,0
786,,,,,,,,,,,,,,,,,,,,,,,,,,,,,,,,,,,,,,,,,,,,,,,,,,,,,0
787,,,,,,,,,,,,,,,,,,,,,,,,,,,,,,,,,,,,,,,,,,,,,,,,,,,,,0
788,,,,,,,,,,,,,,,,,,,,,,,,,,,,,,,,,,,,,,,,,,,,,,,,,,,,,0
789,,,,,,,,,,,,,,,,,,,,,,,,,,,,,,,,,,,,,,,,,,,,,,,,,,,,,0
790,,,,,,,,,,,,,,,,,,,,,,,,,,,,,,,,,,,,,,,,,,,,,,,,,,,,,0
791,,,,,,,,,,,,,,,,,,,,,,,,,,,,,,,,,,,,,,,,,,,,,,,,,,,,,0
792,,,,,,,,,,,,,,,,,,,,,,,,,,,,,,,,,,,,,,,,,,,,,,,,,,,,,0
793,,,,,,,,,,,,,,,,,,,,,,,,,,,,,,,,,,,,,,,,,,,,,,,,,,,,,0
794,,,,,,,,,,,,,,,,,,,,,,,,,,,,,,,,,,,,,,,,,,,,,,,,,,,,,0
795,,,,,,,,,,,,,,,,,,,,,,,,,,,,,,,,,,,,,,,,,,,,,,,,,,,,,0
796,,,,,,,,,,,,,,,,,,,,,,,,,,,,,,,,,,,,,,,,,,,,,,,,,,,,,0
797,,,,,,,,,,,,,,,,,,,,,,,,,,,,,,,,,,,,,,,,,,,,,,,,,,,,,0
798,,,,,,,,,,,,,,,,,,,,,,,,,,,,,,,,,,,,,,,,,,,,,,,,,,,,,0
799,,,,,,,,,,,,,,,,,,,,,,,,,,,,,,,,,,,,,,,,,,,,,,,,,,,,,0
800,,,,,,,,,,,,,,,,,,,,,,,,,,,,,,,,,,,,,,,,,,,,,,,,,,,,,0
801,,,,,,,,,,,,,,,,,,,,,,,,,,,,,,,,,,,,,,,,,,,,,,,,,,,,,0
802,,,,,,,,,,,,,,,,,,,,,,,,,,,,,,,,,,,,,,,,,,,,,,,,,,,,,0
803,,,,,,,,,,,,,,,,,,,,,,,,,,,,,,,,,,,,,,,,,,,,,,,,,,,,,0
804,,,,,,,,,,,,,,,,,,,,,,,,,,,,,,,,,,,,,,,,,,,,,,,,,,,,,0
805,,,,,,,,,,,,,,,,,,,,,,,,,,,,,,,,,,,,,,,,,,,,,,,,,,,,,0
806,,,,,,,,,,,,,,,,,,,,,,,,,,,,,,,,,,,,,,,,,,,,,,,,,,,,,0
807,,,,,,,,,,,,,,,,,,,,,,,,,,,,,,,,,,,,,,,,,,,,,,,,,,,,,0
808,,,,,,,,,,,,,,,,,,,,,,,,,,,,,,,,,,,,,,,,,,,,,,,,,,,,,0
809,,,,,,,,,,,,,,,,,,,,,,,,,,,,,,,,,,,,,,,,,,,,,,,,,,,,,0
810,,,,,,,,,,,,,,,,,,,,,,,,,,,,,,,,,,,,,,,,,,,,,,,,,,,,,0
811,,,,,,,,,,,,,,,,,,,,,,,,,,,,,,,,,,,,,,,,,,,,,,,,,,,,,0
812,,,,,,,,,,,,,,,,,,,,,,,,,,,,,,,,,,,,,,,,,,,,,,,,,,,,,0
813,,,,,,,,,,,,,,,,,,,,,,,,,,,,,,,,,,,,,,,,,,,,,,,,,,,,,0
814,,,,,,,,,,,,,,,,,,,,,,,,,,,,,,,,,,,,,,,,,,,,,,,,,,,,,0
815,,,,,,,,,,,,,,,,,,,,,,,,,,,,,,,,,,,,,,,,,,,,,,,,,,,,,0
816,,,,,,,,,,,,,,,,,,,,,,,,,,,,,,,,,,,,,,,,,,,,,,,,,,,,,0
817,,,,,,,,,,,,,,,,,,,,,,,,,,,,,,,,,,,,,,,,,,,,,,,,,,,,,0
818,,,,,,,,,,,,,,,,,,,,,,,,,,,,,,,,,,,,,,,,,,,,,,,,,,,,,0
819,,,,,,,,,,,,,,,,,,,,,,,,,,,,,,,,,,,,,,,,,,,,,,,,,,,,,0
820,,,,,,,,,,,,,,,,,,,,,,,,,,,,,,,,,,,,,,,,,,,,,,,,,,,,,0
821,,,,,,,,,,,,,,,,,,,,,,,,,,,,,,,,,,,,,,,,,,,,,,,,,,,,,0
822,,,,,,,,,,,,,,,,,,,,,,,,,,,,,,,,,,,,,,,,,,,,,,,,,,,,,0
823,,,,,,,,,,,,,,,,,,,,,,,,,,,,,,,,,,,,,,,,,,,,,,,,,,,,,0
824,,,,,,,,,,,,,,,,,,,,,,,,,,,,,,,,,,,,,,,,,,,,,,,,,,,,,0
825,,,,,,,,,,,,,,,,,,,,,,,,,,,,,,,,,,,,,,,,,,,,,,,,,,,,,0
826,,,,,,,,,,,,,,,,,,,,,,,,,,,,,,,,,,,,,,,,,,,,,,,,,,,,,0
827,,,,,,,,,,,,,,,,,,,,,,,,,,,,,,,,,,,,,,,,,,,,,,,,,,,,,0
828,,,,,,,,,,,,,,,,,,,,,,,,,,,,,,,,,,,,,,,,,,,,,,,,,,,,,0
829,,,,,,,,,,,,,,,,,,,,,,,,,,,,,,,,,,,,,,,,,,,,,,,,,,,,,0
830,,,,,,,,,,,,,,,,,,,,,,,,,,,,,,,,,,,,,,,,,,,,,,,,,,,,,0
831,,,,,,,,,,,,,,,,,,,,,,,,,,,,,,,,,,,,,,,,,,,,,,,,,,,,,0
832,,,,,,,,,,,,,,,,,,,,,,,,,,,,,,,,,,,,,,,,,,,,,,,,,,,,,0
833,,,,,,,,,,,,,,,,,,,,,,,,,,,,,,,,,,,,,,,,,,,,,,,,,,,,,0
834,,,,,,,,,,,,,,,,,,,,,,,,,,,,,,,,,,,,,,,,,,,,,,,,,,,,,0
835,,,,,,,,,,,,,,,,,,,,,,,,,,,,,,,,,,,,,,,,,,,,,,,,,,,,,0
836,,,,,,,,,,,,,,,,,,,,,,,,,,,,,,,,,,,,,,,,,,,,,,,,,,,,,0
837,,,,,,,,,,,,,,,,,,,,,,,,,,,,,,,,,,,,,,,,,,,,,,,,,,,,,0
838,,,,,,,,,,,,,,,,,,,,,,,,,,,,,,,,,,,,,,,,,,,,,,,,,,,,,0
839,,,,,,,,,,,,,,,,,,,,,,,,,,,,,,,,,,,,,,,,,,,,,,,,,,,,,0
840,,,,,,,,,,,,,,,,,,,,,,,,,,,,,,,,,,,,,,,,,,,,,,,,,,,,,0
841,,,,,,,,,,,,,,,,,,,,,,,,,,,,,,,,,,,,,,,,,,,,,,,,,,,,,0
842,,,,,,,,,,,,,,,,,,,,,,,,,,,,,,,,,,,,,,,,,,,,,,,,,,,,,0
843,,,,,,,,,,,,,,,,,,,,,,,,,,,,,,,,,,,,,,,,,,,,,,,,,,,,,0
844,,,,,,,,,,,,,,,,,,,,,,,,,,,,,,,,,,,,,,,,,,,,,,,,,,,,,0
845,,,,,,,,,,,,,,,,,,,,,,,,,,,,,,,,,,,,,,,,,,,,,,,,,,,,,0
846,,,,,,,,,,,,,,,,,,,,,,,,,,,,,,,,,,,,,,,,,,,,,,,,,,,,,0
847,,,,,,,,,,,,,,,,,,,,,,,,,,,,,,,,,,,,,,,,,,,,,,,,,,,,,0
848,,,,,,,,,,,,,,,,,,,,,,,,,,,,,,,,,,,,,,,,,,,,,,,,,,,,,0
849,,,,,,,,,,,,,,,,,,,,,,,,,,,,,,,,,,,,,,,,,,,,,,,,,,,,,0
850,,,,,,,,,,,,,,,,,,,,,,,,,,,,,,,,,,,,,,,,,,,,,,,,,,,,,0
851,,,,,,,,,,,,,,,,,,,,,,,,,,,,,,,,,,,,,,,,,,,,,,,,,,,,,0
852,,,,,,,,,,,,,,,,,,,,,,,,,,,,,,,,,,,,,,,,,,,,,,,,,,,,,0
853,,,,,,,,,,,,,,,,,,,,,,,,,,,,,,,,,,,,,,,,,,,,,,,,,,,,,0
854,,,,,,,,,,,,,,,,,,,,,,,,,,,,,,,,,,,,,,,,,,,,,,,,,,,,,0
855,,,,,,,,,,,,,,,,,,,,,,,,,,,,,,,,,,,,,,,,,,,,,,,,,,,,,0
856,,,,,,,,,,,,,,,,,,,,,,,,,,,,,,,,,,,,,,,,,,,,,,,,,,,,,0
857,,,,,,,,,,,,,,,,,,,,,,,,,,,,,,,,,,,,,,,,,,,,,,,,,,,,,0
858,,,,,,,,,,,,,,,,,,,,,,,,,,,,,,,,,,,,,,,,,,,,,,,,,,,,,0
859,,,,,,,,,,,,,,,,,,,,,,,,,,,,,,,,,,,,,,,,,,,,,,,,,,,,,0
860,,,,,,,,,,,,,,,,,,,,,,,,,,,,,,,,,,,,,,,,,,,,,,,,,,,,,0
861,,,,,,,,,,,,,,,,,,,,,,,,,,,,,,,,,,,,,,,,,,,,,,,,,,,,,0
862,,,,,,,,,,,,,,,,,,,,,,,,,,,,,,,,,,,,,,,,,,,,,,,,,,,,,0
863,,,,,,,,,,,,,,,,,,,,,,,,,,,,,,,,,,,,,,,,,,,,,,,,,,,,,0
864,,,,,,,,,,,,,,,,,,,,,,,,,,,,,,,,,,,,,,,,,,,,,,,,,,,,,0
865,,,,,,,,,,,,,,,,,,,,,,,,,,,,,,,,,,,,,,,,,,,,,,,,,,,,,0
866,,,,,,,,,,,,,,,,,,,,,,,,,,,,,,,,,,,,,,,,,,,,,,,,,,,,,0
867,,,,,,,,,,,,,,,,,,,,,,,,,,,,,,,,,,,,,,,,,,,,,,,,,,,,,0
868,,,,,,,,,,,,,,,,,,,,,,,,,,,,,,,,,,,,,,,,,,,,,,,,,,,,,0
869,,,,,,,,,,,,,,,,,,,,,,,,,,,,,,,,,,,,,,,,,,,,,,,,,,,,,0
870,,,,,,,,,,,,,,,,,,,,,,,,,,,,,,,,,,,,,,,,,,,,,,,,,,,,,0
871,,,,,,,,,,,,,,,,,,,,,,,,,,,,,,,,,,,,,,,,,,,,,,,,,,,,,0
872,,,,,,,,,,,,,,,,,,,,,,,,,,,,,,,,,,,,,,,,,,,,,,,,,,,,,0
873,,,,,,,,,,,,,,,,,,,,,,,,,,,,,,,,,,,,,,,,,,,,,,,,,,,,,0
874,,,,,,,,,,,,,,,,,,,,,,,,,,,,,,,,,,,,,,,,,,,,,,,,,,,,,0
875,,,,,,,,,,,,,,,,,,,,,,,,,,,,,,,,,,,,,,,,,,,,,,,,,,,,,0
876,,,,,,,,,,,,,,,,,,,,,,,,,,,,,,,,,,,,,,,,,,,,,,,,,,,,,0
877,,,,,,,,,,,,,,,,,,,,,,,,,,,,,,,,,,,,,,,,,,,,,,,,,,,,,0
878,,,,,,,,,,,,,,,,,,,,,,,,,,,,,,,,,,,,,,,,,,,,,,,,,,,,,0
879,,,,,,,,,,,,,,,,,,,,,,,,,,,,,,,,,,,,,,,,,,,,,,,,,,,,,0
880,,,,,,,,,,,,,,,,,,,,,,,,,,,,,,,,,,,,,,,,,,,,,,,,,,,,,0
881,,,,,,,,,,,,,,,,,,,,,,,,,,,,,,,,,,,,,,,,,,,,,,,,,,,,,0
882,,,,,,,,,,,,,,,,,,,,,,,,,,,,,,,,,,,,,,,,,,,,,,,,,,,,,0
883,,,,,,,,,,,,,,,,,,,,,,,,,,,,,,,,,,,,,,,,,,,,,,,,,,,,,0
884,,,,,,,,,,,,,,,,,,,,,,,,,,,,,,,,,,,,,,,,,,,,,,,,,,,,,0
885,,,,,,,,,,,,,,,,,,,,,,,,,,,,,,,,,,,,,,,,,,,,,,,,,,,,,0
886,,,,,,,,,,,,,,,,,,,,,,,,,,,,,,,,,,,,,,,,,,,,,,,,,,,,,0
887,,,,,,,,,,,,,,,,,,,,,,,,,,,,,,,,,,,,,,,,,,,,,,,,,,,,,0
888,,,,,,,,,,,,,,,,,,,,,,,,,,,,,,,,,,,,,,,,,,,,,,,,,,,,,0
889,,,,,,,,,,,,,,,,,,,,,,,,,,,,,,,,,,,,,,,,,,,,,,,,,,,,,0
890,,,,,,,,,,,,,,,,,,,,,,,,,,,,,,,,,,,,,,,,,,,,,,,,,,,,,0
891,,,,,,,,,,,,,,,,,,,,,,,,,,,,,,,,,,,,,,,,,,,,,,,,,,,,,0
892,,,,,,,,,,,,,,,,,,,,,,,,,,,,,,,,,,,,,,,,,,,,,,,,,,,,,0
893,,,,,,,,,,,,,,,,,,,,,,,,,,,,,,,,,,,,,,,,,,,,,,,,,,,,,0
894,,,,,,,,,,,,,,,,,,,,,,,,,,,,,,,,,,,,,,,,,,,,,,,,,,,,,0
895,,,,,,,,,,,,,,,,,,,,,,,,,,,,,,,,,,,,,,,,,,,,,,,,,,,,,0
896,,,,,,,,,,,,,,,,,,,,,,,,,,,,,,,,,,,,,,,,,,,,,,,,,,,,,0
897,,,,,,,,,,,,,,,,,,,,,,,,,,,,,,,,,,,,,,,,,,,,,,,,,,,,,0
898,,,,,,,,,,,,,,,,,,,,,,,,,,,,,,,,,,,,,,,,,,,,,,,,,,,,,0
899,,,,,,,,,,,,,,,,,,,,,,,,,,,,,,,,,,,,,,,,,,,,,,,,,,,,,0
900,,,,,,,,,,,,,,,,,,,,,,,,,,,,,,,,,,,,,,,,,,,,,,,,,,,,,0
